#!python3
import getpass 
import hashlib

WORDS_8192 = [ 'Aaron', 'Aback', 'Abacus', 'Abaft', 'Abase', 'Abased', 'Abash',
'Abate', 'Abated', 'Abates', 'Abbe', 'Abbess', 'Abbey', 'Abbeys', 'Abbot',
'Abbots', 'Abduct', 'Abe', 'Abeam', 'Abel', 'Abele', 'Abet', 'Abets', 'Abhor',
'Abhors', 'Abide', 'Abided', 'Abides', 'Abies', 'Abject', 'Abjure', 'Ablate',
'Ablaze', 'Able', 'Abler', 'Ablest', 'Abloom', 'Ably', 'Aboard', 'Abode',
'Abodes', 'Abomb', 'Abort', 'Aborts', 'Abound', 'About', 'Above', 'Abroad',
'Abrupt', 'Abseil', 'Absent', 'Absorb', 'Absurd', 'Abuse', 'Abused', 'Abuser',
'Abuses', 'Abut', 'Abuzz', 'Aby', 'Abyss', 'Acacia', 'Accede', 'Accent',
'Accept', 'Access', 'Accord', 'Accost', 'Accra', 'Accrue', 'Accuse', 'Ace',
'Aced', 'Acers', 'Aces', 'Acetal', 'Acetic', 'Ache', 'Ached', 'Aches', 'Aching',
'Achy', 'Acid', 'Acidic', 'Acidly', 'Acids', 'Acme', 'Acne', 'Acorn', 'Acorns',
'Acquit', 'Acre', 'Acres', 'Acrid', 'Across', 'Act', 'Acted', 'Acting',
'Action', 'Active', 'Actor', 'Actors', 'Acts', 'Actual', 'Acuity', 'Acumen',
'Acute', 'Acuter', 'Adage', 'Adages', 'Adagio', 'Adam', 'Adapt', 'Adapts',
'Add', 'Added', 'Adder', 'Adders', 'Addict', 'Adding', 'Addle', 'Addled',
'Addles', 'Adds', 'Adduce', 'Aden', 'Adept', 'Adepts', 'Adhere', 'Adhoc',
'Adieu', 'Adieus', 'Adieux', 'Adios', 'Adit', 'Adjoin', 'Adjure', 'Adjust',
'Adlib', 'Adlibs', 'Adman', 'Admen', 'Admin', 'Admire', 'Admit', 'Admits',
'Admix', 'Ado', 'Adobe', 'Adonis', 'Adopt', 'Adopts', 'Adore', 'Adored',
'Adorer', 'Adores', 'Adorn', 'Adorns', 'Adrift', 'Adroit', 'Adsorb', 'Adult',
'Adults', 'Advent', 'Adverb', 'Advert', 'Advice', 'Advise', 'Adze', 'Aegean',
'Aegina', 'Aegis', 'Aeon', 'Aeons', 'Aerate', 'Aerial', 'Aerify', 'Aerobe',
'Aesop', 'Afar', 'Affair', 'Affect', 'Affine', 'Affirm', 'Affix', 'Afflux',
'Afford', 'Affray', 'Afghan', 'Afield', 'Afire', 'Aflame', 'Afloat', 'Afoot',
'Afraid', 'Afresh', 'Africa', 'Afro', 'Afros', 'Aft', 'After', 'Aga', 'Again',
'Agape', 'Agar', 'Agave', 'Agaves', 'Age', 'Aged', 'Ageing', 'Ageism', 'Agency',
'Agenda', 'Agent', 'Agents', 'Ageold', 'Ages', 'Aghast', 'Agile', 'Agiler',
'Aging', 'Agings', 'Agio', 'Agleam', 'Aglow', 'Ago', 'Agog', 'Agony', 'Agora',
'Agouti', 'Agree', 'Agreed', 'Agrees', 'Ague', 'Ah', 'Aha', 'Ahead', 'Ahem',
'Ahoy', 'Aid', 'Aide', 'Aided', 'Aider', 'Aiders', 'Aides', 'Aiding', 'Aids',
'Ail', 'Ailing', 'Ails', 'Aim', 'Aimed', 'Aimer', 'Aiming', 'Aims', 'Aint',
'Air', 'Airbus', 'Aire', 'Aired', 'Airgun', 'Airier', 'Airily', 'Airing',
'Airman', 'Airmen', 'Airs', 'Airway', 'Airy', 'Aisle', 'Aisles', 'Ajar',
'Akimbo', 'Akin', 'Ala', 'Alack', 'Alarm', 'Alarms', 'Alas', 'Alaska', 'Alb',
'Albany', 'Albeit', 'Albino', 'Album', 'Albums', 'Alcove', 'Alder', 'Aldrin',
'Ale', 'Alert', 'Alerts', 'Ales', 'Alga', 'Algae', 'Algal', 'Alias', 'Alibi',
'Alibis', 'Alien', 'Aliens', 'Alight', 'Align', 'Aligns', 'Alike', 'Aline',
'Alined', 'Alines', 'Alive', 'Alkali', 'Alkyl', 'All', 'Allay', 'Allays',
'Allege', 'Allele', 'Alley', 'Alleys', 'Allied', 'Allies', 'Allot', 'Allots',
'Allow', 'Allows', 'Alloy', 'Alloys', 'Allude', 'Allure', 'Ally', 'Almond',
'Almost', 'Alms', 'Aloe', 'Aloes', 'Aloft', 'Aloha', 'Alone', 'Along', 'Aloof',
'Aloud', 'Alp', 'Alpaca', 'Alpha', 'Alphas', 'Alpine', 'Alps', 'Also', 'Alt',
'Altar', 'Altars', 'Alter', 'Alters', 'Alto', 'Alts', 'Alum', 'Alumni',
'Always', 'Am', 'Amass', 'Amaze', 'Amazed', 'Amazes', 'Amazon', 'Amber',
'Ambit', 'Amble', 'Ambled', 'Ambler', 'Ambles', 'Ambush', 'Amen', 'Amend',
'Amends', 'Amens', 'Amid', 'Amide', 'Amidst', 'Amigo', 'Amine', 'Amines',
'Amino', 'Amir', 'Amiss', 'Amity', 'Amman', 'Ammo', 'Amoeba', 'Amok', 'Among',
'Amoral', 'Amount', 'Amour', 'Amours', 'Amp', 'Ampere', 'Ample', 'Ampler',
'Amply', 'Amps', 'Ampule', 'Ampuls', 'Amuck', 'Amulet', 'Amuse', 'Amused',
'Amuses', 'An', 'Ana', 'Anal', 'Anally', 'Ananas', 'Anchor', 'And', 'Andes',
'Andrew', 'Anemia', 'Anemic', 'Anergy', 'Anew', 'Angel', 'Angels', 'Anger',
'Angers', 'Angina', 'Angle', 'Angled', 'Angler', 'Angles', 'Angola', 'Angora',
'Angry', 'Angst', 'Anil', 'Animal', 'Animus', 'Anion', 'Anions', 'Anise',
'Ankara', 'Ankle', 'Ankles', 'Anklet', 'Anna', 'Annal', 'Annals', 'Anneal',
'Annex', 'Annexe', 'Annoy', 'Annoys', 'Annual', 'Annul', 'Annuli', 'Annuls',
'Anode', 'Anodes', 'Anoint', 'Anomic', 'Anon', 'Anonym', 'Anorak', 'Answer',
'Ant', 'Ante', 'Anthem', 'Anther', 'Anti', 'Antic', 'Antics', 'Antler',
'Antral', 'Antrum', 'Ants', 'Anus', 'Anvil', 'Anvils', 'Any', 'Anyhow',
'Anyone', 'Anyway', 'Aorist', 'Aorta', 'Aortas', 'Aortic', 'Apace', 'Apache',
'Apart', 'Apathy', 'Ape', 'Aped', 'Apeman', 'Apery', 'Apes', 'Apex', 'Aphid',
'Aphids', 'Apian', 'Apiary', 'Apiece', 'Aping', 'Apis', 'Apish', 'Aplomb',
'Apnea', 'Apnoea', 'Apogee', 'Apollo', 'Appal', 'Appals', 'Appeal', 'Appear',
'Append', 'Apple', 'Apples', 'Applet', 'Apply', 'Appro', 'April', 'Apron',
'Aprons', 'Apse', 'Apses', 'Apsis', 'Apt', 'Aptest', 'Aptly', 'Aqua', 'Arab',
'Arabia', 'Arabic', 'Arable', 'Arabs', 'Arak', 'Araks', 'Ararat', 'Arbor',
'Arbour', 'Arc', 'Arcade', 'Arcana', 'Arcane', 'Arced', 'Arch', 'Arched',
'Archer', 'Arches', 'Archly', 'Arcing', 'Arcs', 'Arctic', 'Ardent', 'Ardour',
'Are', 'Area', 'Areal', 'Areas', 'Arena', 'Arenas', 'Arent', 'Argent', 'Argon',
'Argot', 'Argue', 'Argued', 'Arguer', 'Argues', 'Argus', 'Aria', 'Arias',
'Arid', 'Aright', 'Arise', 'Arisen', 'Arises', 'Ark', 'Arks', 'Arm', 'Armada',
'Armed', 'Armful', 'Armies', 'Arming', 'Armlet', 'Armour', 'Armpit', 'Arms',
'Army', 'Aroma', 'Aromas', 'Arose', 'Around', 'Arouse', 'Arrant', 'Array',
'Arrays', 'Arrest', 'Arrive', 'Arrow', 'Arrows', 'Arson', 'Art', 'Artery',
'Artful', 'Arthur', 'Artier', 'Artist', 'Arts', 'Arty', 'Arum', 'As', 'Ascend',
'Ascent', 'Ash', 'Ashbin', 'Ashen', 'Ashes', 'Ashore', 'Ashy', 'Asia', 'Asian',
'Asians', 'Aside', 'Asides', 'Ask', 'Asked', 'Askers', 'Askew', 'Asking',
'Asks', 'Aslant', 'Asleep', 'Asp', 'Aspect', 'Aspic', 'Aspire', 'Asps', 'Ass',
'Assail', 'Assay', 'Assays', 'Assent', 'Assert', 'Asses', 'Assess', 'Asset',
'Assets', 'Assign', 'Assist', 'Assort', 'Assume', 'Assure', 'Aster', 'Astern',
'Asters', 'Asthma', 'Astir', 'Astral', 'Astray', 'Astute', 'Aswan', 'Asylum',
'At', 'Ate', 'Athena', 'Athens', 'Atlas', 'Atoll', 'Atolls', 'Atom', 'Atomic',
'Atoms', 'Atonal', 'Atone', 'Atoned', 'Atones', 'Atonic', 'Atop', 'Atrial',
'Atrium', 'Attach', 'Attack', 'Attain', 'Attend', 'Attest', 'Attic', 'Attics',
'Attila', 'Attire', 'Attune', 'Auburn', 'Audio', 'Audit', 'Audits', 'Auger',
'Augers', 'Augite', 'Augur', 'Augurs', 'Augury', 'August', 'Auk', 'Auks',
'Aunt', 'Auntie', 'Aunts', 'Aupair', 'Aura', 'Aural', 'Auras', 'Auric',
'Aurora', 'Aussie', 'Auteur', 'Author', 'Autism', 'Auto', 'Autumn', 'Avail',
'Avails', 'Ave', 'Avenge', 'Avens', 'Avenue', 'Aver', 'Avers', 'Averse',
'Avert', 'Averts', 'Avian', 'Aviary', 'Aviate', 'Avid', 'Avidly', 'Avoid',
'Avoids', 'Avow', 'Avowal', 'Avowed', 'Await', 'Awaits', 'Awake', 'Awaken',
'Awakes', 'Award', 'Awards', 'Aware', 'Awash', 'Away', 'Awe', 'Awed', 'Awful',
'Awhile', 'Awls', 'Awn', 'Awning', 'Awoke', 'Awoken', 'Awol', 'Awry', 'Axe',
'Axed', 'Axeman', 'Axes', 'Axial', 'Axing', 'Axiom', 'Axioms', 'Axis', 'Axle',
'Axles', 'Axon', 'Axons', 'Aye', 'Azalea', 'Azores', 'Aztec', 'Aztecs', 'Azure',
'Baa', 'Baaing', 'Baal', 'Babas', 'Babble', 'Babe', 'Babel', 'Babes', 'Babies',
'Baboon', 'Baby', 'Bach', 'Back', 'Backed', 'Backer', 'Backs', 'Backup',
'Bacon', 'Bad', 'Baddy', 'Bade', 'Bader', 'Badge', 'Badged', 'Badger', 'Badges',
'Badly', 'Baffle', 'Bag', 'Bagdad', 'Bagels', 'Bagful', 'Bagged', 'Bagger',
'Baggy', 'Bagman', 'Bagmen', 'Bags', 'Bah', 'Bail', 'Bailed', 'Bails', 'Bait',
'Baited', 'Baits', 'Bake', 'Baked', 'Baker', 'Bakers', 'Bakery', 'Bakes',
'Baking', 'Bald', 'Balder', 'Baldly', 'Baldy', 'Bale', 'Baled', 'Baleen',
'Bales', 'Bali', 'Baling', 'Ball', 'Ballad', 'Ballet', 'Ballot', 'Balls',
'Balm', 'Balms', 'Balmy', 'Balsa', 'Balsam', 'Baltic', 'Bamboo', 'Ban', 'Banal',
'Banana', 'Band', 'Banded', 'Bandit', 'Bands', 'Bane', 'Bang', 'Banged',
'Banger', 'Bangle', 'Bangs', 'Banish', 'Banjo', 'Bank', 'Banked', 'Banker',
'Banks', 'Banned', 'Banner', 'Banns', 'Bans', 'Bantam', 'Banter', 'Baobab',
'Bap', 'Bar', 'Barb', 'Barbed', 'Barber', 'Barbie', 'Barbs', 'Bard', 'Bards',
'Bare', 'Bared', 'Barely', 'Barer', 'Bares', 'Barest', 'Barge', 'Barged',
'Barges', 'Baring', 'Barium', 'Bark', 'Barked', 'Barker', 'Barks', 'Barky',
'Barley', 'Barman', 'Barmen', 'Barn', 'Barns', 'Baron', 'Barons', 'Barony',
'Barre', 'Barred', 'Barrel', 'Barren', 'Barrow', 'Bars', 'Bart', 'Barter',
'Basal', 'Basalt', 'Base', 'Based', 'Basely', 'Baser', 'Bases', 'Basest',
'Bash', 'Bashed', 'Bashes', 'Basic', 'Basics', 'Basify', 'Basil', 'Basin',
'Basing', 'Basins', 'Basis', 'Bask', 'Basked', 'Basket', 'Basks', 'Basque',
'Bass', 'Basses', 'Baste', 'Basted', 'Bat', 'Batch', 'Bate', 'Bated', 'Bates',
'Bath', 'Bathe', 'Bathed', 'Bather', 'Bathes', 'Bathos', 'Baths', 'Batik',
'Batiks', 'Bating', 'Batman', 'Batmen', 'Baton', 'Batons', 'Bats', 'Batted',
'Batten', 'Batter', 'Battle', 'Batty', 'Bauble', 'Baud', 'Baulk', 'Baulks',
'Baulky', 'Bawdy', 'Bawl', 'Bawled', 'Bawls', 'Bay', 'Bayed', 'Baying', 'Bays',
'Bazaar', 'Be', 'Beach', 'Beachy', 'Beacon', 'Bead', 'Beaded', 'Beadle',
'Beads', 'Beady', 'Beagle', 'Beak', 'Beaked', 'Beaker', 'Beaks', 'Beam',
'Beamed', 'Beams', 'Beamy', 'Bean', 'Beanie', 'Beans', 'Beany', 'Bear', 'Beard',
'Beards', 'Bearer', 'Bears', 'Beast', 'Beasts', 'Beat', 'Beaten', 'Beater',
'Beats', 'Beatup', 'Beau', 'Beaus', 'Beauts', 'Beauty', 'Beaux', 'Beaver',
'Bebop', 'Becalm', 'Became', 'Beck', 'Beckon', 'Becks', 'Become', 'Bed',
'Bedbug', 'Bedded', 'Bedder', 'Bedlam', 'Bedpan', 'Beds', 'Bedsit', 'Bee',
'Beech', 'Beef', 'Beefs', 'Beefy', 'Been', 'Beep', 'Beeper', 'Beeps', 'Beer',
'Beers', 'Beery', 'Bees', 'Beet', 'Beetle', 'Beets', 'Befall', 'Befell',
'Befit', 'Befits', 'Befog', 'Before', 'Befoul', 'Beg', 'Began', 'Begat',
'Beget', 'Begets', 'Beggar', 'Begged', 'Begin', 'Begins', 'Begone', 'Begot',
'Begs', 'Begun', 'Behalf', 'Behave', 'Behead', 'Beheld', 'Behest', 'Behind',
'Behold', 'Beige', 'Being', 'Beings', 'Beirut', 'Bel', 'Belay', 'Belays',
'Belch', 'Belfry', 'Belie', 'Belied', 'Belief', 'Belies', 'Belike', 'Bell',
'Belle', 'Belled', 'Belles', 'Bellow', 'Bells', 'Belly', 'Belong', 'Below',
'Belt', 'Belted', 'Belts', 'Bemoan', 'Bemuse', 'Ben', 'Bench', 'Bend', 'Bended',
'Bender', 'Bends', 'Bengal', 'Benign', 'Bent', 'Berate', 'Berber', 'Bereft',
'Beret', 'Berets', 'Bergs', 'Berk', 'Berlin', 'Bern', 'Berry', 'Berth',
'Berths', 'Beryl', 'Beset', 'Besets', 'Beside', 'Besot', 'Best', 'Bestir',
'Bestow', 'Bests', 'Bet', 'Beta', 'Betel', 'Betide', 'Betray', 'Bets', 'Betted',
'Better', 'Bevel', 'Bevels', 'Bevvy', 'Bevy', 'Bewail', 'Beware', 'Beyond',
'Bias', 'Biased', 'Biases', 'Bib', 'Bible', 'Bibles', 'Bibs', 'Bicarb',
'Biceps', 'Bicker', 'Bid', 'Bidden', 'Bidder', 'Bide', 'Bided', 'Bides',
'Bidet', 'Biding', 'Bids', 'Bier', 'Big', 'Bigamy', 'Bigben', 'Bigger', 'Bigot',
'Bigots', 'Bijou', 'Bijoux', 'Bike', 'Biker', 'Bikes', 'Biking', 'Bikini',
'Bile', 'Biles', 'Bilge', 'Bilges', 'Bill', 'Billed', 'Billet', 'Billow',
'Bills', 'Billy', 'Bimbo', 'Bin', 'Binary', 'Bind', 'Binder', 'Binds', 'Bing',
'Binge', 'Bingo', 'Bins', 'Bionic', 'Biopsy', 'Biota', 'Biotic', 'Biped',
'Bipeds', 'Birch', 'Bird', 'Birdie', 'Birds', 'Birth', 'Births', 'Bisect',
'Bishop', 'Bison', 'Bisons', 'Bissau', 'Bistro', 'Bit', 'Bitch', 'Bitchy',
'Bite', 'Biter', 'Biters', 'Bites', 'Biting', 'Bitmap', 'Bits', 'Bitten',
'Bitter', 'Bitts', 'Bitty', 'Biz', 'Blab', 'Blabs', 'Black', 'Blacks', 'Blade',
'Bladed', 'Blades', 'Blah', 'Blame', 'Blamed', 'Blames', 'Blanch', 'Bland',
'Blank', 'Blanks', 'Blare', 'Blared', 'Blares', 'Blase', 'Blast', 'Blasts',
'Blat', 'Blaze', 'Blazed', 'Blazer', 'Blazes', 'Bleach', 'Bleak', 'Bleary',
'Bleat', 'Bleats', 'Bled', 'Bleed', 'Bleeds', 'Bleep', 'Bleeps', 'Blench',
'Blend', 'Blends', 'Bless', 'Blew', 'Blight', 'Blimp', 'Blimps', 'Blind',
'Blinds', 'Blink', 'Blinks', 'Blip', 'Blips', 'Bliss', 'Blithe', 'Blitz',
'Bloat', 'Blob', 'Blobs', 'Bloc', 'Block', 'Blocks', 'Blocky', 'Blocs', 'Bloke',
'Blokes', 'Blond', 'Blonde', 'Blonds', 'Blood', 'Bloods', 'Bloody', 'Bloom',
'Blooms', 'Bloomy', 'Blot', 'Blotch', 'Blots', 'Blouse', 'Blow', 'Blowed',
'Blower', 'Blown', 'Blows', 'Blowup', 'Blue', 'Bluer', 'Blues', 'Bluest',
'Bluesy', 'Bluff', 'Bluffs', 'Bluish', 'Blunt', 'Blunts', 'Blur', 'Blurb',
'Blurbs', 'Blurry', 'Blurs', 'Blurt', 'Blurts', 'Blush', 'Bmus', 'Boa', 'Boar',
'Board', 'Boards', 'Boars', 'Boas', 'Boast', 'Boasts', 'Boat', 'Boated',
'Boater', 'Boats', 'Bob', 'Bobbed', 'Bobbin', 'Bobble', 'Bobby', 'Bobcat',
'Bobs', 'Bode', 'Boded', 'Bodes', 'Bodice', 'Bodied', 'Bodies', 'Bodily',
'Boding', 'Bodkin', 'Body', 'Boer', 'Boers', 'Boffin', 'Bog', 'Bogey', 'Bogeys',
'Bogged', 'Boggle', 'Boggy', 'Bogies', 'Bogs', 'Bogus', 'Bogy', 'Boil',
'Boiled', 'Boiler', 'Boils', 'Bola', 'Bold', 'Bolder', 'Boldly', 'Bole',
'Bolero', 'Boleyn', 'Bolt', 'Bolted', 'Bolts', 'Bomb', 'Bombay', 'Bombed',
'Bomber', 'Bombs', 'Bonbon', 'Bond', 'Bonded', 'Bonds', 'Bone', 'Boned',
'Bones', 'Boney', 'Bong', 'Bongs', 'Bonier', 'Bonn', 'Bonnet', 'Bonnie',
'Bonny', 'Bonobo', 'Bonsai', 'Bonus', 'Bony', 'Boo', 'Booboo', 'Booby', 'Booed',
'Boohoo', 'Booing', 'Book', 'Booked', 'Bookie', 'Books', 'Boom', 'Boomed',
'Boomer', 'Booms', 'Boon', 'Boons', 'Boor', 'Boors', 'Boos', 'Boost', 'Boosts',
'Boot', 'Booted', 'Booth', 'Booths', 'Boots', 'Booty', 'Booze', 'Boozed',
'Boozer', 'Boozes', 'Bop', 'Bops', 'Borate', 'Borax', 'Border', 'Bore',
'Boreal', 'Bored', 'Borer', 'Borers', 'Bores', 'Boring', 'Born', 'Borne',
'Borneo', 'Boron', 'Borrow', 'Bosnia', 'Bosom', 'Bosoms', 'Boson', 'Bosons',
'Boss', 'Bossed', 'Bosses', 'Bossy', 'Boston', 'Bosun', 'Botany', 'Botch',
'Both', 'Bother', 'Bothy', 'Bottle', 'Bottom', 'Bough', 'Boughs', 'Bought',
'Bounce', 'Bouncy', 'Bound', 'Bounds', 'Bounty', 'Bout', 'Bouts', 'Bovine',
'Bow', 'Bowed', 'Bowel', 'Bowels', 'Bower', 'Bowers', 'Bowie', 'Bowing', 'Bowl',
'Bowled', 'Bowler', 'Bowls', 'Bowman', 'Bowmen', 'Bows', 'Box', 'Boxed',
'Boxer', 'Boxers', 'Boxes', 'Boxful', 'Boxing', 'Boxy', 'Boy', 'Boyish', 'Boys',
'Bra', 'Brace', 'Braced', 'Bracer', 'Braces', 'Brag', 'Brags', 'Brahms',
'Braid', 'Braids', 'Brail', 'Brain', 'Brains', 'Brainy', 'Braise', 'Brake',
'Braked', 'Brakes', 'Bran', 'Branch', 'Brand', 'Brands', 'Brandy', 'Brans',
'Bras', 'Brash', 'Brasil', 'Brass', 'Brassy', 'Brat', 'Brats', 'Bratty',
'Brave', 'Braved', 'Braver', 'Braves', 'Bravo', 'Braw', 'Brawl', 'Brawls',
'Brawn', 'Brawny', 'Bray', 'Brayed', 'Brays', 'Braze', 'Brazen', 'Brazil',
'Breach', 'Bread', 'Breads', 'Break', 'Breaks', 'Bream', 'Breast', 'Breath',
'Bred', 'Breech', 'Breed', 'Breeds', 'Breeze', 'Breezy', 'Breton', 'Brew',
'Brewed', 'Brewer', 'Brews', 'Briar', 'Bribe', 'Bribed', 'Briber', 'Bribes',
'Brick', 'Bricks', 'Bridal', 'Bride', 'Brides', 'Bridge', 'Bridle', 'Brief',
'Briefs', 'Briers', 'Brig', 'Bright', 'Brim', 'Brims', 'Brine', 'Brines',
'Bring', 'Brings', 'Brink', 'Brinks', 'Briny', 'Brio', 'Brisk', 'Brit',
'Broach', 'Broad', 'Brogue', 'Broil', 'Broils', 'Broke', 'Broken', 'Broker',
'Bronco', 'Bronze', 'Brooch', 'Brood', 'Broods', 'Broody', 'Brook', 'Brooks',
'Broom', 'Brooms', 'Broth', 'Broths', 'Brow', 'Brown', 'Browns', 'Brows',
'Browse', 'Bruise', 'Brunch', 'Brunei', 'Brunet', 'Brunt', 'Brunts', 'Brush',
'Brushy', 'Brutal', 'Brute', 'Brutes', 'Brutus', 'Bub', 'Bubble', 'Bubbly',
'Buck', 'Bucked', 'Bucket', 'Buckle', 'Bucks', 'Bud', 'Budded', 'Buddy',
'Budge', 'Budged', 'Budget', 'Budgie', 'Buds', 'Buff', 'Buffer', 'Buffet',
'Buffs', 'Bug', 'Bugged', 'Bugger', 'Buggy', 'Bugle', 'Bugler', 'Bugles',
'Bugs', 'Build', 'Builds', 'Built', 'Bulb', 'Bulbs', 'Bulge', 'Bulged',
'Bulges', 'Bulgy', 'Bulk', 'Bulks', 'Bulky', 'Bull', 'Bullet', 'Bulls', 'Bully',
'Bum', 'Bumble', 'Bump', 'Bumped', 'Bumper', 'Bumps', 'Bumpy', 'Bums', 'Bun',
'Bunch', 'Bundle', 'Bung', 'Bungee', 'Bungle', 'Bunion', 'Bunk', 'Bunked',
'Bunker', 'Bunks', 'Bunkum', 'Bunny', 'Buns', 'Bunyan', 'Buoy', 'Buoyed',
'Buoys', 'Bur', 'Burble', 'Burden', 'Bureau', 'Burg', 'Burger', 'Burgle',
'Burial', 'Buried', 'Buries', 'Burly', 'Burma', 'Burn', 'Burned', 'Burner',
'Burns', 'Burnt', 'Burp', 'Burped', 'Burps', 'Burr', 'Burrow', 'Burs', 'Bursar',
'Burst', 'Bursts', 'Bury', 'Bus', 'Buses', 'Bush', 'Bushel', 'Bushes', 'Bushy',
'Busied', 'Busier', 'Busies', 'Busily', 'Busk', 'Busker', 'Busman', 'Busmen',
'Bussed', 'Bust', 'Busted', 'Bustle', 'Busts', 'Busty', 'Busy', 'But', 'Butane',
'Butler', 'Buts', 'Butt', 'Butted', 'Butter', 'Button', 'Butts', 'Buxom', 'Buy',
'Buyer', 'Buyers', 'Buying', 'Buyout', 'Buys', 'Buzz', 'Buzzed', 'Buzzer',
'Buzzes', 'By', 'Bye', 'Byebye', 'Byelaw', 'Byes', 'Bygone', 'Bylaw', 'Bylaws',
'Byline', 'Bypass', 'Bypath', 'Byte', 'Bytes', 'Byway', 'Byways', 'Byword',
'Cab', 'Cabal', 'Cabals', 'Cabby', 'Cabin', 'Cabins', 'Cable', 'Cabled',
'Cables', 'Cabman', 'Cabmen', 'Cabs', 'Cacao', 'Cache', 'Cached', 'Caches',
'Cachet', 'Cackle', 'Cacti', 'Cactus', 'Cad', 'Caddie', 'Caddy', 'Cade',
'Cadet', 'Cadets', 'Cadge', 'Cadged', 'Cadger', 'Cadges', 'Cads', 'Caesar',
'Cafe', 'Cafes', 'Caftan', 'Cage', 'Caged', 'Cages', 'Cagey', 'Caging', 'Cagy',
'Caiman', 'Cain', 'Cairn', 'Cairns', 'Cairo', 'Cajole', 'Cake', 'Caked',
'Cakes', 'Caking', 'Calf', 'Calico', 'Calif', 'Caliph', 'Call', 'Called',
'Caller', 'Callow', 'Calls', 'Callup', 'Callus', 'Calm', 'Calmed', 'Calmer',
'Calmly', 'Calms', 'Calory', 'Calve', 'Calves', 'Calvin', 'Cam', 'Camber',
'Came', 'Camel', 'Camels', 'Cameo', 'Camera', 'Camp', 'Camped', 'Camper',
'Camps', 'Campus', 'Cams', 'Can', 'Canaan', 'Canada', 'Canal', 'Canals',
'Canape', 'Canard', 'Canary', 'Cancan', 'Cancel', 'Cancer', 'Candid', 'Candle',
'Candy', 'Cane', 'Caned', 'Canes', 'Canine', 'Caning', 'Canned', 'Cannel',
'Cannes', 'Cannon', 'Cannot', 'Canny', 'Canoe', 'Canoed', 'Canoes', 'Canon',
'Canons', 'Canopy', 'Cans', 'Cant', 'Canted', 'Canter', 'Canton', 'Cantor',
'Canvas', 'Canyon', 'Cap', 'Cape', 'Caped', 'Caper', 'Capers', 'Capes',
'Capita', 'Capped', 'Capri', 'Capris', 'Caps', 'Captor', 'Car', 'Carafe',
'Carat', 'Carats', 'Carbon', 'Card', 'Carded', 'Cards', 'Care', 'Cared',
'Career', 'Carer', 'Carers', 'Cares', 'Caress', 'Carets', 'Cargo', 'Caries',
'Caring', 'Carnal', 'Carol', 'Carols', 'Carp', 'Carpal', 'Carpet', 'Carps',
'Carrel', 'Carrot', 'Carry', 'Cars', 'Cart', 'Carted', 'Cartel', 'Carter',
'Carton', 'Carts', 'Carve', 'Carved', 'Carver', 'Carves', 'Case', 'Cased',
'Cases', 'Cash', 'Cashed', 'Cashes', 'Cask', 'Casks', 'Cast', 'Caste', 'Casts',
'Cat', 'Catch', 'Cater', 'Cats', 'Cause', 'Cave', 'Caved', 'Caver', 'Caves',
'Caw', 'Cease', 'Cedar', 'Cede', 'Ceded', 'Celeb', 'Cell', 'Cello', 'Cells',
'Cent', 'Cents', 'Ceres', 'Cess', 'Chad', 'Chafe', 'Chaff', 'Chain', 'Chair',
'Chalk', 'Champ', 'Chant', 'Chaos', 'Chap', 'Chaps', 'Char', 'Charm', 'Chars',
'Chart', 'Chary', 'Chase', 'Chasm', 'Chat', 'Chats', 'Cheap', 'Cheat', 'Check',
'Cheek', 'Cheep', 'Cheer', 'Chef', 'Chefs', 'Chess', 'Chest', 'Chew', 'Chews',
'Chewy', 'Chic', 'Chick', 'Chide', 'Chief', 'Child', 'Chili', 'Chill', 'Chime',
'Chimp', 'Chin', 'China', 'Chink', 'Chins', 'Chip', 'Chips', 'Chirp', 'Chit',
'Chits', 'Chock', 'Choir', 'Choke', 'Chomp', 'Chop', 'Chops', 'Chord', 'Chore',
'Chose', 'Chow', 'Chuck', 'Chuff', 'Chug', 'Chugs', 'Chum', 'Chump', 'Chums',
'Chunk', 'Churn', 'Chute', 'Cider', 'Cigar', 'Cilia', 'Cinch', 'Cine', 'Circa',
'Cist', 'Cite', 'Cited', 'Cites', 'City', 'Civic', 'Civil', 'Clad', 'Claim',
'Clam', 'Clamp', 'Clams', 'Clan', 'Clang', 'Clank', 'Clans', 'Clap', 'Claps',
'Clash', 'Clasp', 'Class', 'Claw', 'Claws', 'Clay', 'Clays', 'Clean', 'Clear',
'Cleat', 'Clef', 'Cleft', 'Cleg', 'Clerk', 'Click', 'Cliff', 'Climb', 'Cling',
'Clink', 'Clip', 'Clips', 'Cloak', 'Clock', 'Clod', 'Clods', 'Clog', 'Clogs',
'Clone', 'Close', 'Clot', 'Cloth', 'Clots', 'Cloud', 'Clout', 'Clove', 'Clown',
'Club', 'Clubs', 'Cluck', 'Clue', 'Clued', 'Clues', 'Clump', 'Clung', 'Coach',
'Coal', 'Coals', 'Coast', 'Coat', 'Coats', 'Coax', 'Cob', 'Coble', 'Cobra',
'Cobs', 'Coca', 'Cock', 'Cocks', 'Cocky', 'Cocoa', 'Cod', 'Coda', 'Code',
'Coded', 'Coder', 'Codes', 'Codex', 'Cods', 'Cog', 'Cogs', 'Coil', 'Coils',
'Coin', 'Coins', 'Coke', 'Col', 'Cola', 'Colas', 'Cold', 'Colds', 'Cole',
'Colon', 'Cols', 'Colt', 'Colts', 'Coma', 'Comas', 'Comb', 'Combs', 'Come',
'Comer', 'Comes', 'Comet', 'Comfy', 'Comic', 'Comma', 'Con', 'Cone', 'Coned',
'Cones', 'Conga', 'Congo', 'Conic', 'Conk', 'Cons', 'Cony', 'Coo', 'Cooed',
'Cook', 'Cooks', 'Cool', 'Cools', 'Coon', 'Coons', 'Coop', 'Coops', 'Coos',
'Cop', 'Cope', 'Coped', 'Copes', 'Copra', 'Cops', 'Copse', 'Copy', 'Cor',
'Coral', 'Cord', 'Cords', 'Core', 'Cores', 'Corgi', 'Cork', 'Corks', 'Corky',
'Corn', 'Corns', 'Corny', 'Corps', 'Corse', 'Cost', 'Costs', 'Cosy', 'Cot',
'Cots', 'Couch', 'Cough', 'Could', 'Count', 'Coup', 'Coupe', 'Coups', 'Court',
'Cove', 'Coven', 'Cover', 'Coves', 'Covet', 'Cow', 'Cowed', 'Cower', 'Cowl',
'Cows', 'Cox', 'Coxed', 'Coxes', 'Coy', 'Coyly', 'Crab', 'Crabs', 'Crack',
'Craft', 'Crag', 'Crags', 'Cram', 'Cramp', 'Crams', 'Cran', 'Crane', 'Crank',
'Crap', 'Crash', 'Crass', 'Crate', 'Crave', 'Crawl', 'Craws', 'Craze', 'Crazy',
'Creak', 'Cream', 'Credo', 'Creed', 'Creek', 'Creel', 'Creep', 'Creme', 'Crepe',
'Crept', 'Cress', 'Crest', 'Crete', 'Crew', 'Crews', 'Crib', 'Cribs', 'Crick',
'Cried', 'Crier', 'Cries', 'Crim', 'Crime', 'Crimp', 'Crisp', 'Croak', 'Crock',
'Croft', 'Crone', 'Crony', 'Crook', 'Croon', 'Crop', 'Crops', 'Cross', 'Croup',
'Crow', 'Crowd', 'Crown', 'Crows', 'Crude', 'Cruel', 'Crumb', 'Crush', 'Crust',
'Crux', 'Cry', 'Crypt', 'Cub', 'Cuba', 'Cuban', 'Cube', 'Cubed', 'Cubes',
'Cubic', 'Cubit', 'Cubs', 'Cud', 'Cuds', 'Cue', 'Cued', 'Cues', 'Cuff', 'Cuffs',
'Cuing', 'Cull', 'Culls', 'Cult', 'Cults', 'Cup', 'Cupid', 'Cups', 'Cur',
'Curb', 'Curbs', 'Curd', 'Curds', 'Cure', 'Cured', 'Curer', 'Cures', 'Curia',
'Curie', 'Curio', 'Curl', 'Curls', 'Curly', 'Curry', 'Curs', 'Curse', 'Curt',
'Curve', 'Curvy', 'Cusp', 'Cusps', 'Cuss', 'Cut', 'Cute', 'Cuts', 'Cyan',
'Cycad', 'Cycle', 'Cynic', 'Cyst', 'Cysts', 'Czar', 'Czars', 'Czech', 'Dab',
'Dabs', 'Dace', 'Dacha', 'Dad', 'Daddy', 'Dado', 'Dads', 'Daffy', 'Daft',
'Dagga', 'Daily', 'Dairy', 'Dais', 'Daisy', 'Dakar', 'Dale', 'Dales', 'Dally',
'Dam', 'Dame', 'Dames', 'Damn', 'Damns', 'Damp', 'Damps', 'Dams', 'Dan',
'Dance', 'Dandy', 'Dane', 'Danes', 'Dank', 'Dante', 'Dare', 'Dared', 'Dares',
'Dark', 'Darn', 'Darns', 'Dart', 'Darts', 'Dash', 'Data', 'Date', 'Dated',
'Dates', 'Datum', 'Daub', 'Daunt', 'David', 'Dawn', 'Dawns', 'Day', 'Days',
'Daze', 'Dazed', 'Dday', 'Dead', 'Deaf', 'Deal', 'Deals', 'Dealt', 'Dean',
'Deans', 'Dear', 'Dears', 'Deary', 'Death', 'Deb', 'Debar', 'Debit', 'Debt',
'Debts', 'Debug', 'Debut', 'Decaf', 'Decay', 'Deck', 'Decks', 'Deco', 'Decor',
'Decoy', 'Decry', 'Dee', 'Deed', 'Deeds', 'Deem', 'Deems', 'Deep', 'Deeps',
'Deer', 'Defer', 'Deft', 'Defy', 'Degas', 'Deify', 'Deism', 'Deist', 'Deity',
'Delay', 'Delhi', 'Deli', 'Dell', 'Dells', 'Delta', 'Delve', 'Demo', 'Demon',
'Demur', 'Den', 'Denim', 'Dens', 'Dense', 'Dent', 'Dents', 'Deny', 'Depot',
'Depth', 'Derby', 'Desk', 'Desks', 'Deter', 'Detox', 'Deuce', 'Devil', 'Dew',
'Dews', 'Dewy', 'Dhow', 'Dial', 'Dials', 'Diana', 'Diary', 'Dice', 'Diced',
'Dices', 'Dicey', 'Did', 'Didnt', 'Die', 'Died', 'Dies', 'Diet', 'Diets', 'Dig',
'Digit', 'Digs', 'Dikes', 'Dildo', 'Dill', 'Dilly', 'Dim', 'Dime', 'Dimer',
'Dimes', 'Dimly', 'Dims', 'Din', 'Dinar', 'Dine', 'Dined', 'Diner', 'Dines',
'Ding', 'Dingo', 'Dingy', 'Dinky', 'Dint', 'Dints', 'Diode', 'Dip', 'Dips',
'Dire', 'Dirge', 'Dirt', 'Dirts', 'Dirty', 'Disc', 'Disco', 'Discs', 'Dish',
'Dishy', 'Ditch', 'Ditto', 'Ditty', 'Diva', 'Divan', 'Divas', 'Dive', 'Dived',
'Diver', 'Dives', 'Divot', 'Dizzy', 'Do', 'Doc', 'Dock', 'Docks', 'Docs',
'Dodge', 'Dodgy', 'Dodo', 'Doe', 'Doer', 'Doers', 'Does', 'Dog', 'Doge',
'Doges', 'Doggy', 'Dogma', 'Dogs', 'Dogy', 'Doh', 'Dohs', 'Doily', 'Doing',
'Dole', 'Doled', 'Doles', 'Doll', 'Dolls', 'Dolly', 'Dolt', 'Dome', 'Domed',
'Domes', 'Don', 'Done', 'Dong', 'Donga', 'Donor', 'Dons', 'Dont', 'Donut',
'Doom', 'Dooms', 'Door', 'Doors', 'Dope', 'Doped', 'Dopes', 'Dopey', 'Dopy',
'Dor', 'Dose', 'Dosed', 'Doses', 'Dot', 'Dote', 'Doted', 'Dotes', 'Dots',
'Dotty', 'Doubt', 'Dough', 'Dour', 'Douse', 'Dove', 'Dover', 'Doves', 'Dowdy',
'Dowel', 'Down', 'Downs', 'Downy', 'Dowry', 'Dowse', 'Doyen', 'Doze', 'Dozed',
'Dozen', 'Dozes', 'Dozy', 'Dr', 'Drab', 'Draft', 'Drag', 'Drags', 'Drain',
'Drake', 'Dram', 'Drama', 'Drank', 'Drape', 'Drat', 'Draw', 'Drawl', 'Drawn',
'Draws', 'Dray', 'Drays', 'Dread', 'Dream', 'Drear', 'Dregs', 'Dress', 'Drew',
'Dried', 'Drier', 'Dries', 'Drift', 'Drill', 'Drily', 'Drink', 'Drip', 'Drips',
'Drive', 'Droll', 'Drone', 'Drool', 'Droop', 'Drop', 'Drops', 'Dross', 'Drove',
'Drown', 'Drub', 'Drug', 'Drugs', 'Druid', 'Drum', 'Drums', 'Drunk', 'Dry',
'Dryer', 'Dryly', 'Dual', 'Duals', 'Dub', 'Dubs', 'Duce', 'Duchy', 'Duck',
'Ducks', 'Duct', 'Ducts', 'Dud', 'Dude', 'Dudes', 'Duds', 'Due', 'Duel',
'Duels', 'Dues', 'Duet', 'Duets', 'Duff', 'Dug', 'Duke', 'Dukes', 'Dull',
'Dulls', 'Dully', 'Duly', 'Dumb', 'Dummy', 'Dump', 'Dumps', 'Dumpy', 'Dun',
'Dunce', 'Dune', 'Dunes', 'Dung', 'Duo', 'Duomo', 'Dupe', 'Duped', 'Dupes',
'Dusk', 'Dusky', 'Dust', 'Dusts', 'Dusty', 'Dutch', 'Duty', 'Duvet', 'Dux',
'Dwarf', 'Dwell', 'Dwelt', 'Dyad', 'Dye', 'Dyed', 'Dyer', 'Dyers', 'Dyes',
'Dying', 'Dyke', 'Dykes', 'Dyne', 'Each', 'Eager', 'Eagle', 'Ear', 'Eared',
'Earl', 'Earls', 'Early', 'Earn', 'Earns', 'Ears', 'Earth', 'Ease', 'Eased',
'Easel', 'Eases', 'East', 'Easy', 'Eat', 'Eaten', 'Eater', 'Eats', 'Eaves',
'Ebb', 'Ebbed', 'Ebbs', 'Ebony', 'Echo', 'Eddy', 'Edema', 'Eden', 'Edge',
'Edged', 'Edges', 'Edgy', 'Edict', 'Edify', 'Edit', 'Edits', 'Eel', 'Eels',
'Eerie', 'Eery', 'Eg', 'Egg', 'Egged', 'Eggs', 'Ego', 'Egret', 'Egypt', 'Eh',
'Eider', 'Eight', 'Eire', 'Eject', 'Eke', 'Eked', 'Eking', 'Elal', 'Elan',
'Eland', 'Elate', 'Elbe', 'Elbow', 'Elder', 'Elect', 'Elegy', 'Elf', 'Elfin',
'Elide', 'Elite', 'Elk', 'Elks', 'Ell', 'Ells', 'Elm', 'Elms', 'Elope', 'Els',
'Else', 'Elude', 'Elven', 'Elves', 'Em', 'Email', 'Embed', 'Ember', 'Emery',
'Emir', 'Emirs', 'Emit', 'Emits', 'Empty', 'Ems', 'Emu', 'Emus', 'Enact', 'End',
'Ended', 'Endow', 'Ends', 'Enema', 'Enemy', 'Enjoy', 'Ennui', 'Enrol', 'Ensue',
'Enter', 'Entry', 'Envoy', 'Envy', 'Eon', 'Eons', 'Eosin', 'Ephor', 'Epic',
'Epics', 'Epoch', 'Epoxy', 'Equal', 'Equip', 'Era', 'Eras', 'Erase', 'Ere',
'Erect', 'Erg', 'Ergo', 'Ergot', 'Ergs', 'Erica', 'Erode', 'Eros', 'Erose',
'Err', 'Erred', 'Error', 'Errs', 'Erst', 'Erupt', 'Esau', 'Espy', 'Essay',
'Essen', 'Est', 'Ester', 'Eta', 'Etal', 'Etch', 'Ether', 'Ethic', 'Ethos',
'Ethyl', 'Etna', 'Etui', 'Euro', 'Evade', 'Eve', 'Even', 'Evens', 'Event',
'Ever', 'Every', 'Eves', 'Evict', 'Evil', 'Evils', 'Evoke', 'Ewe', 'Ewes',
'Exact', 'Exalt', 'Exam', 'Exams', 'Excel', 'Exert', 'Exes', 'Exile', 'Exist',
'Exit', 'Exits', 'Expel', 'Expo', 'Ext', 'Extol', 'Extra', 'Exude', 'Exult',
'Eye', 'Eyed', 'Eyes', 'Fab', 'Fable', 'Face', 'Faced', 'Facer', 'Faces',
'Facet', 'Facia', 'Fact', 'Facts', 'Fad', 'Fade', 'Faded', 'Fades', 'Fads',
'Fag', 'Fagot', 'Fags', 'Fail', 'Fails', 'Faint', 'Fair', 'Fairs', 'Fairy',
'Faith', 'Fake', 'Faked', 'Fakes', 'Fall', 'Falls', 'False', 'Fame', 'Famed',
'Fan', 'Fancy', 'Fang', 'Fangs', 'Fanny', 'Fans', 'Far', 'Farad', 'Farce',
'Fare', 'Fared', 'Fares', 'Farm', 'Farms', 'Fast', 'Fasts', 'Fat', 'Fatal',
'Fate', 'Fated', 'Fates', 'Fats', 'Fatty', 'Fatwa', 'Fault', 'Faun', 'Fauna',
'Fauns', 'Faust', 'Fawn', 'Fawns', 'Fax', 'Faxed', 'Faxes', 'Fear', 'Fears',
'Feast', 'Feat', 'Feats', 'Fed', 'Feds', 'Fedup', 'Fee', 'Feed', 'Feeds',
'Feel', 'Feels', 'Fees', 'Feet', 'Feign', 'Feint', 'Fell', 'Fells', 'Felon',
'Felt', 'Femur', 'Fen', 'Fence', 'Fend', 'Fends', 'Fens', 'Feral', 'Fern',
'Ferns', 'Ferny', 'Ferry', 'Fest', 'Fetal', 'Fetch', 'Fete', 'Feted', 'Fetes',
'Fetid', 'Fetus', 'Feud', 'Feuds', 'Fever', 'Few', 'Fewer', 'Fez', 'Fiat',
'Fib', 'Fibre', 'Fibs', 'Fiche', 'Ficus', 'Fief', 'Fiefs', 'Field', 'Fiend',
'Fiery', 'Fife', 'Fifes', 'Fifth', 'Fifty', 'Fig', 'Fight', 'Figs', 'Fiji',
'Filch', 'File', 'Filed', 'Filer', 'Files', 'Filet', 'Fill', 'Fills', 'Filly',
'Film', 'Films', 'Filmy', 'Filth', 'Fin', 'Final', 'Finch', 'Find', 'Finds',
'Fine', 'Fined', 'Finer', 'Fines', 'Finis', 'Finn', 'Fins', 'Fiord', 'Fir',
'Fire', 'Fired', 'Firer', 'Fires', 'Firm', 'Firms', 'Firs', 'First', 'Firth',
'Fish', 'Fishy', 'Fist', 'Fists', 'Fit', 'Fitly', 'Fits', 'Five', 'Fiver',
'Fives', 'Fix', 'Fixed', 'Fixer', 'Fixes', 'Fizz', 'Fizzy', 'Fjord', 'Flab',
'Flabs', 'Flack', 'Flag', 'Flags', 'Flair', 'Flak', 'Flake', 'Flaky', 'Flame',
'Flan', 'Flank', 'Flans', 'Flap', 'Flaps', 'Flare', 'Flash', 'Flask', 'Flat',
'Flats', 'Flaw', 'Flaws', 'Flax', 'Flay', 'Flea', 'Fleas', 'Fleck', 'Fled',
'Flee', 'Flees', 'Fleet', 'Flesh', 'Flew', 'Flex', 'Flick', 'Flier', 'Flies',
'Fling', 'Flint', 'Flip', 'Flips', 'Flirt', 'Flit', 'Flits', 'Float', 'Flock',
'Floe', 'Flog', 'Flogs', 'Flood', 'Floor', 'Flop', 'Flops', 'Flora', 'Floss',
'Flour', 'Flout', 'Flow', 'Flown', 'Flows', 'Flub', 'Flue', 'Flues', 'Fluff',
'Fluid', 'Fluke', 'Flung', 'Fluor', 'Flush', 'Flute', 'Flux', 'Fly', 'Flyer',
'Foal', 'Foals', 'Foam', 'Foams', 'Foamy', 'Fob', 'Fobs', 'Focal', 'Foci',
'Focus', 'Foe', 'Foes', 'Fog', 'Fogey', 'Foggy', 'Fogs', 'Fogy', 'Foil',
'Foils', 'Foist', 'Fold', 'Folds', 'Folio', 'Folk', 'Folks', 'Folly', 'Fond',
'Font', 'Fonts', 'Food', 'Foods', 'Fool', 'Fools', 'Foot', 'Foots', 'Fop',
'Fops', 'For', 'Foray', 'Force', 'Ford', 'Fords', 'Fore', 'Forge', 'Forgo',
'Fork', 'Forks', 'Form', 'Forms', 'Fort', 'Forte', 'Forth', 'Forts', 'Forty',
'Forum', 'Fossa', 'Foul', 'Fouls', 'Found', 'Fount', 'Four', 'Fours', 'Fowl',
'Fowls', 'Fox', 'Foxed', 'Foxes', 'Foxy', 'Foyer', 'Frail', 'Frame', 'Franc',
'Frank', 'Fraud', 'Fray', 'Frays', 'Freak', 'Free', 'Freed', 'Freer', 'Frees',
'Freon', 'Fresh', 'Fret', 'Frets', 'Freud', 'Freya', 'Friar', 'Fried', 'Fries',
'Frill', 'Frisk', 'Fro', 'Frock', 'Frog', 'Frogs', 'From', 'Frond', 'Front',
'Frost', 'Froth', 'Frown', 'Froze', 'Fruit', 'Fry', 'Fryer', 'Fudge', 'Fuel',
'Fuels', 'Fug', 'Fugal', 'Fugue', 'Full', 'Fully', 'Fume', 'Fumed', 'Fumes',
'Fun', 'Fund', 'Funds', 'Fungi', 'Funk', 'Funky', 'Funny', 'Fur', 'Furls',
'Furry', 'Furs', 'Fury', 'Furze', 'Fuse', 'Fused', 'Fuses', 'Fuss', 'Fussy',
'Fusty', 'Futon', 'Fuzz', 'Fuzzy', 'Gab', 'Gable', 'Gabon', 'Gad', 'Gaff',
'Gaffe', 'Gag', 'Gaga', 'Gage', 'Gags', 'Gaily', 'Gain', 'Gains', 'Gait',
'Gaits', 'Gal', 'Gala', 'Galas', 'Gale', 'Gales', 'Gall', 'Galls', 'Galop',
'Gals', 'Game', 'Gamed', 'Games', 'Gamma', 'Gamut', 'Gamy', 'Gang', 'Gangs',
'Gaol', 'Gaols', 'Gap', 'Gape', 'Gaped', 'Gapes', 'Gaps', 'Garb', 'Garbs',
'Gas', 'Gases', 'Gash', 'Gasp', 'Gasps', 'Gassy', 'Gate', 'Gated', 'Gates',
'Gaud', 'Gaudy', 'Gauge', 'Gaul', 'Gauls', 'Gaunt', 'Gauze', 'Gave', 'Gavel',
'Gawk', 'Gawky', 'Gay', 'Gays', 'Gaze', 'Gazed', 'Gazes', 'Gear', 'Gears',
'Gecko', 'Geek', 'Geeks', 'Geese', 'Gel', 'Gels', 'Gem', 'Gems', 'Gen', 'Gene',
'Genes', 'Genie', 'Genii', 'Genoa', 'Genre', 'Gent', 'Gents', 'Genus', 'Germ',
'Germs', 'Get', 'Gets', 'Ghana', 'Ghost', 'Ghoul', 'Giant', 'Gibed', 'Gibes',
'Giddy', 'Gift', 'Gifts', 'Gig', 'Gilds', 'Gill', 'Gills', 'Gilt', 'Gilts',
'Gin', 'Gins', 'Gipsy', 'Gird', 'Girl', 'Girls', 'Giro', 'Girt', 'Girth',
'Gist', 'Give', 'Given', 'Giver', 'Gives', 'Glace', 'Glad', 'Glade', 'Gland',
'Glans', 'Glare', 'Glass', 'Glaze', 'Gleam', 'Glean', 'Glebe', 'Glee', 'Glen',
'Glenn', 'Glens', 'Glia', 'Glib', 'Glide', 'Glim', 'Glint', 'Gloat', 'Glob',
'Globe', 'Gloom', 'Glory', 'Gloss', 'Glove', 'Glow', 'Glows', 'Glue', 'Glued',
'Glues', 'Gluey', 'Glum', 'Gluon', 'Glut', 'Glyph', 'Gnarl', 'Gnash', 'Gnat',
'Gnats', 'Gnaw', 'Gnaws', 'Gnome', 'Gnu', 'Gnus', 'Go', 'Goad', 'Goads', 'Goal',
'Goals', 'Goat', 'Goats', 'Gobi', 'God', 'Godly', 'Gods', 'Goer', 'Goers',
'Goes', 'Gofer', 'Going', 'Gold', 'Golds', 'Golf', 'Golly', 'Gonad', 'Gone',
'Gong', 'Gongs', 'Goo', 'Good', 'Goods', 'Goody', 'Gooey', 'Goof', 'Goofs',
'Goofy', 'Goon', 'Goons', 'Goose', 'Gore', 'Gored', 'Gores', 'Gorge', 'Gorse',
'Gory', 'Gosh', 'Got', 'Goth', 'Goths', 'Gouda', 'Gouge', 'Gourd', 'Gout',
'Gown', 'Gowns', 'Grab', 'Grabs', 'Grace', 'Grade', 'Graft', 'Grail', 'Grain',
'Gram', 'Grams', 'Grand', 'Grant', 'Grape', 'Graph', 'Grasp', 'Grass', 'Grate',
'Grave', 'Gravy', 'Graze', 'Great', 'Greed', 'Greek', 'Green', 'Greet', 'Grew',
'Grey', 'Greys', 'Grid', 'Grids', 'Grief', 'Grill', 'Grim', 'Grime', 'Grimm',
'Grimy', 'Grin', 'Grind', 'Grins', 'Grip', 'Gripe', 'Grips', 'Grist', 'Grit',
'Grits', 'Groan', 'Groat', 'Grog', 'Groin', 'Groom', 'Grope', 'Gross', 'Group',
'Grout', 'Grove', 'Grow', 'Growl', 'Grown', 'Grows', 'Grub', 'Grubs', 'Gruel',
'Gruff', 'Grunt', 'Guano', 'Guard', 'Guava', 'Guess', 'Guest', 'Guide', 'Guild',
'Guile', 'Guilt', 'Guise', 'Gulf', 'Gulfs', 'Gull', 'Gulls', 'Gully', 'Gulp',
'Gulps', 'Gum', 'Gums', 'Gun', 'Gunk', 'Guns', 'Guppy', 'Guru', 'Gurus', 'Gush',
'Gust', 'Gusto', 'Gusts', 'Gusty', 'Gut', 'Guts', 'Gutsy', 'Guy', 'Guys', 'Gym',
'Gyms', 'Gypsy', 'Gyro', 'Ha', 'Habit', 'Hack', 'Hacks', 'Had', 'Hades',
'Hadnt', 'Haft', 'Hafts', 'Hag', 'Hags', 'Haha', 'Haiku', 'Hail', 'Hails',
'Hair', 'Hairs', 'Hairy', 'Haiti', 'Hake', 'Hakea', 'Hale', 'Half', 'Hall',
'Hallo', 'Halls', 'Halo', 'Halon', 'Halt', 'Halts', 'Halve', 'Ham', 'Hams',
'Hand', 'Hands', 'Handy', 'Hang', 'Hangs', 'Hanoi', 'Happy', 'Hard', 'Hardy',
'Hare', 'Hared', 'Harem', 'Hares', 'Hark', 'Harks', 'Harm', 'Harms', 'Harp',
'Harps', 'Harry', 'Harsh', 'Hart', 'Harts', 'Has', 'Hash', 'Hasnt', 'Hasp',
'Haste', 'Hasty', 'Hat', 'Hatch', 'Hate', 'Hated', 'Hater', 'Hates', 'Hats',
'Haul', 'Hauls', 'Haunt', 'Have', 'Haven', 'Haves', 'Havoc', 'Hawk', 'Hawks',
'Hay', 'Haydn', 'Haze', 'Hazel', 'Hazy', 'He', 'Head', 'Heads', 'Heady', 'Heal',
'Heals', 'Heap', 'Heaps', 'Hear', 'Heard', 'Hears', 'Heart', 'Heat', 'Heath',
'Heats', 'Heave', 'Heavy', 'Heck', 'Hedge', 'Heed', 'Heeds', 'Heel', 'Heels',
'Heft', 'Hefty', 'Heir', 'Heirs', 'Heist', 'Held', 'Helen', 'Helix', 'Hell',
'Hello', 'Hells', 'Helm', 'Helms', 'Help', 'Helps', 'Hem', 'Heman', 'Hemen',
'Hemp', 'Hems', 'Hen', 'Hence', 'Henge', 'Henna', 'Henry', 'Hens', 'Her',
'Herb', 'Herbs', 'Herd', 'Herds', 'Here', 'Herm', 'Hero', 'Herod', 'Heron',
'Hers', 'Hertz', 'Hew', 'Hewed', 'Hewer', 'Hewn', 'Hex', 'Hexed', 'Hey', 'Hi',
'Hic', 'Hid', 'Hide', 'Hider', 'Hides', 'High', 'Highs', 'Hight', 'Hike',
'Hiked', 'Hiker', 'Hikes', 'Hill', 'Hills', 'Hilly', 'Hilt', 'Hilts', 'Him',
'Hind', 'Hindu', 'Hinge', 'Hinny', 'Hint', 'Hints', 'Hip', 'Hippo', 'Hippy',
'Hips', 'Hire', 'Hired', 'Hirer', 'Hires', 'His', 'Hiss', 'Hit', 'Hitch',
'Hits', 'Hive', 'Hived', 'Hives', 'Hmm', 'Ho', 'Hoar', 'Hoard', 'Hoary', 'Hoax',
'Hob', 'Hobby', 'Hobo', 'Hobs', 'Hock', 'Hocks', 'Hocus', 'Hod', 'Hoe', 'Hoed',
'Hoes', 'Hog', 'Hogg', 'Hoggs', 'Hogs', 'Hoist', 'Hold', 'Holds', 'Hole',
'Holed', 'Holes', 'Holly', 'Holy', 'Home', 'Homed', 'Homes', 'Homy', 'Hone',
'Honed', 'Hones', 'Honey', 'Honk', 'Honks', 'Hood', 'Hoods', 'Hoof', 'Hoofs',
'Hook', 'Hooks', 'Hooky', 'Hoop', 'Hoops', 'Hoot', 'Hoots', 'Hop', 'Hope',
'Hoped', 'Hopes', 'Hops', 'Horde', 'Horn', 'Horns', 'Horny', 'Horse', 'Hose',
'Hosed', 'Hoses', 'Host', 'Hosta', 'Hosts', 'Hot', 'Hotel', 'Hotly', 'Hound',
'Hour', 'Hours', 'House', 'Hove', 'Hovel', 'Hover', 'How', 'Howdy', 'Howl',
'Howls', 'Hub', 'Hubby', 'Hubs', 'Hue', 'Hues', 'Huff', 'Huffy', 'Hug', 'Huge',
'Hugs', 'Huh', 'Hulk', 'Hulks', 'Hull', 'Hullo', 'Hulls', 'Hum', 'Human',
'Humid', 'Hump', 'Humps', 'Hums', 'Humus', 'Hunch', 'Hung', 'Hunk', 'Hunks',
'Hunt', 'Hunts', 'Hurl', 'Hurls', 'Hurry', 'Hurt', 'Hurts', 'Hush', 'Husk',
'Husks', 'Husky', 'Hussy', 'Hut', 'Hutch', 'Huts', 'Hydra', 'Hydro', 'Hyena',
'Hymen', 'Hymn', 'Hymns', 'Hype', 'Ibex', 'Ibis', 'Ibsen', 'Ice', 'Iced',
'Ices', 'Icier', 'Icily', 'Icing', 'Icon', 'Icons', 'Icy', 'Id', 'Idaho',
'Idea', 'Ideal', 'Ideas', 'Idem', 'Ides', 'Idiom', 'Idiot', 'Idle', 'Idled',
'Idler', 'Idles', 'Idly', 'Idol', 'Idols', 'Ids', 'Idyll', 'If', 'Ifs', 'Igloo',
'Iglu', 'Ileum', 'Iliad', 'Ilk', 'Ill', 'Ills', 'Im', 'Image', 'Imago', 'Imam',
'Imams', 'Imbue', 'Imp', 'Impel', 'Impi', 'Imply', 'Imps', 'In', 'Inane',
'Inca', 'Incas', 'Inch', 'Incur', 'Index', 'India', 'Inept', 'Inert', 'Infer',
'Infix', 'Info', 'Infra', 'Ingot', 'Ink', 'Inked', 'Inks', 'Inky', 'Inlaw',
'Inlay', 'Inlet', 'Inn', 'Inner', 'Inns', 'Input', 'Ins', 'Inset', 'Inter',
'Into', 'Intro', 'Inuit', 'Inure', 'Ion', 'Ionic', 'Ions', 'Iota', 'Iotas',
'Iran', 'Iraq', 'Iraqi', 'Irate', 'Ire', 'Iris', 'Irish', 'Irk', 'Irked',
'Irks', 'Iron', 'Irons', 'Irony', 'Is', 'Isis', 'Islam', 'Isle', 'Isles',
'Islet', 'Isms', 'Isnt', 'Issue', 'It', 'Italy', 'Itch', 'Itchy', 'Item',
'Items', 'Itll', 'Its', 'Ive', 'Ivies', 'Ivory', 'Ivy', 'Jab', 'Jabs', 'Jack',
'Jacks', 'Jacob', 'Jade', 'Jaded', 'Jades', 'Jag', 'Jail', 'Jails', 'Jam',
'Jamb', 'Jambs', 'James', 'Jams', 'Janus', 'Jap', 'Japan', 'Jape', 'Japes',
'Jar', 'Jarl', 'Jars', 'Jaunt', 'Java', 'Jaw', 'Jawed', 'Jaws', 'Jay', 'Jays',
'Jazz', 'Jazzy', 'Jeans', 'Jeep', 'Jeeps', 'Jeer', 'Jeers', 'Jehad', 'Jell',
'Jelly', 'Jemmy', 'Jerk', 'Jerks', 'Jerky', 'Jest', 'Jests', 'Jesus', 'Jet',
'Jets', 'Jetty', 'Jew', 'Jewel', 'Jews', 'Jiffy', 'Jigs', 'Jihad', 'Jilt',
'Jilts', 'Jimmy', 'Jingo', 'Jinks', 'Jinx', 'Jive', 'Jived', 'Jives', 'Job',
'Jobs', 'Jock', 'Joey', 'Jog', 'Jogs', 'John', 'Join', 'Joins', 'Joint',
'Joist', 'Joke', 'Joked', 'Joker', 'Jokes', 'Jokey', 'Jolly', 'Jolt', 'Jolts',
'Jonah', 'Jot', 'Jots', 'Joule', 'Joust', 'Jowl', 'Jowls', 'Joy', 'Joyed',
'Joys', 'Judas', 'Judge', 'Judo', 'Jug', 'Jugs', 'Juice', 'Juicy', 'Julep',
'July', 'Jumbo', 'Jump', 'Jumps', 'Jumpy', 'June', 'Junk', 'Junks', 'Juno',
'Junta', 'Juror', 'Jury', 'Just', 'Jut', 'Jute', 'Juts', 'Kale', 'Kalif',
'Karma', 'Karst', 'Kayak', 'Kebab', 'Keel', 'Keels', 'Keen', 'Keep', 'Keeps',
'Keg', 'Kegs', 'Kelp', 'Kelt', 'Kelts', 'Ken', 'Kent', 'Kenya', 'Kept', 'Kerb',
'Kerbs', 'Ketch', 'Key', 'Keyed', 'Keys', 'Khaki', 'Khan', 'Khans', 'Kick',
'Kicks', 'Kid', 'Kids', 'Kiev', 'Kill', 'Kills', 'Kiln', 'Kilns', 'Kilo',
'Kilt', 'Kilts', 'Kin', 'Kina', 'Kind', 'Kinds', 'King', 'Kings', 'Kink',
'Kinks', 'Kinky', 'Kiosk', 'Kirk', 'Kiss', 'Kit', 'Kite', 'Kites', 'Kith',
'Kits', 'Kitty', 'Kiwi', 'Kiwis', 'Klick', 'Kloof', 'Knack', 'Knave', 'Knead',
'Knee', 'Kneed', 'Kneel', 'Knees', 'Knell', 'Knelt', 'Knew', 'Knife', 'Knit',
'Knits', 'Knob', 'Knobs', 'Knock', 'Knoll', 'Knot', 'Knots', 'Know', 'Known',
'Knows', 'Koala', 'Kongo', 'Koran', 'Korea', 'Kraal', 'Kraft', 'Krill', 'Kudu',
'Kudus', 'Lab', 'Label', 'Labia', 'Labs', 'Lace', 'Laced', 'Laces', 'Lack',
'Lacks', 'Lacs', 'Lacy', 'Lad', 'Lade', 'Laden', 'Ladle', 'Lads', 'Lady', 'Lag',
'Lager', 'Lagos', 'Lags', 'Laid', 'Lain', 'Lair', 'Laird', 'Lairs', 'Laity',
'Lake', 'Lakes', 'Lam', 'Lama', 'Lamas', 'Lamb', 'Lambs', 'Lame', 'Lamed',
'Lamp', 'Lamps', 'Lance', 'Land', 'Lands', 'Lane', 'Lanes', 'Lank', 'Lanky',
'Laos', 'Lap', 'Lapel', 'Lapp', 'Laps', 'Lapse', 'Larch', 'Lard', 'Lards',
'Large', 'Largo', 'Lark', 'Larks', 'Larva', 'Las', 'Lase', 'Laser', 'Lash',
'Lass', 'Lasso', 'Last', 'Lasts', 'Latch', 'Late', 'Later', 'Latex', 'Lath',
'Lathe', 'Laths', 'Latin', 'Laud', 'Lauds', 'Laugh', 'Lava', 'Lavas', 'Law',
'Lawn', 'Lawns', 'Laws', 'Lax', 'Laxer', 'Lay', 'Layby', 'Layer', 'Lays',
'Laze', 'Lazed', 'Lazy', 'Lea', 'Leach', 'Lead', 'Leads', 'Leaf', 'Leafy',
'Leak', 'Leaks', 'Leaky', 'Lean', 'Leans', 'Leant', 'Leap', 'Leaps', 'Leapt',
'Learn', 'Lease', 'Leash', 'Least', 'Leat', 'Leave', 'Led', 'Ledge', 'Lee',
'Leech', 'Leeds', 'Leek', 'Leeks', 'Leer', 'Leers', 'Lees', 'Left', 'Lefts',
'Lefty', 'Leg', 'Legal', 'Leggy', 'Legs', 'Lemma', 'Lemon', 'Lemur', 'Lend',
'Lends', 'Lenin', 'Lens', 'Lent', 'Lento', 'Leone', 'Leper', 'Less', 'Lest',
'Let', 'Lets', 'Level', 'Lever', 'Levi', 'Levy', 'Lewd', 'Liar', 'Liars',
'Libel', 'Libya', 'Lice', 'Lichi', 'Lick', 'Licks', 'Lid', 'Lido', 'Lids',
'Lie', 'Lied', 'Lien', 'Liens', 'Lies', 'Lieu', 'Life', 'Lift', 'Lifts',
'Light', 'Like', 'Liked', 'Liken', 'Likes', 'Lilac', 'Lilt', 'Lily', 'Lima',
'Limb', 'Limbo', 'Limbs', 'Lime', 'Limes', 'Limit', 'Limo', 'Limp', 'Limps',
'Line', 'Lined', 'Linen', 'Liner', 'Lines', 'Link', 'Links', 'Lino', 'Lint',
'Liny', 'Lion', 'Lions', 'Lip', 'Lipid', 'Lips', 'Lira', 'Lire', 'Lisp',
'Lisps', 'List', 'Lists', 'Lit', 'Lithe', 'Litre', 'Live', 'Lived', 'Liven',
'Liver', 'Lives', 'Livid', 'Llama', 'Lls', 'Load', 'Loads', 'Loaf', 'Loafs',
'Loam', 'Loams', 'Loamy', 'Loan', 'Loans', 'Loath', 'Lob', 'Lobby', 'Lobe',
'Lobed', 'Lobes', 'Lobs', 'Local', 'Loch', 'Lochs', 'Loci', 'Lock', 'Locks',
'Loco', 'Locus', 'Lode', 'Lodge', 'Loess', 'Loft', 'Lofts', 'Lofty', 'Log',
'Logic', 'Logo', 'Logos', 'Logs', 'Loin', 'Loins', 'Loire', 'Loll', 'Lolly',
'Lone', 'Loner', 'Long', 'Longs', 'Loo', 'Look', 'Looks', 'Loom', 'Looms',
'Loon', 'Loony', 'Loop', 'Loops', 'Loopy', 'Loose', 'Loot', 'Loots', 'Lop',
'Lope', 'Loped', 'Lopes', 'Lord', 'Lords', 'Lore', 'Lorry', 'Lose', 'Loser',
'Loses', 'Loss', 'Lost', 'Lot', 'Loth', 'Lots', 'Lotto', 'Lotus', 'Loud',
'Louis', 'Louse', 'Lousy', 'Lout', 'Louts', 'Love', 'Loved', 'Lover', 'Loves',
'Low', 'Lower', 'Lowly', 'Lows', 'Loyal', 'Lucid', 'Luck', 'Lucky', 'Lucre',
'Ludo', 'Lug', 'Lugs', 'Luke', 'Lull', 'Lulls', 'Lulu', 'Lumen', 'Lump',
'Lumps', 'Lumpy', 'Luna', 'Lunar', 'Lunch', 'Lune', 'Lung', 'Lunge', 'Lungs',
'Lupin', 'Lur', 'Lurch', 'Lure', 'Lured', 'Lures', 'Lurex', 'Lurid', 'Lurk',
'Lurks', 'Lush', 'Lust', 'Lusts', 'Lusty', 'Lute', 'Lutes', 'Lux', 'Luxor',
'Lye', 'Lying', 'Lymph', 'Lynch', 'Lynx', 'Lyon', 'Lyons', 'Lyra', 'Lyre',
'Lyres', 'Lyric', 'Mac', 'Macaw', 'Mace', 'Maces', 'Macho', 'Macro', 'Mad',
'Madam', 'Made', 'Madly', 'Mafia', 'Mag', 'Magi', 'Magic', 'Magma', 'Mags',
'Maid', 'Maids', 'Mail', 'Mails', 'Maim', 'Maims', 'Main', 'Maine', 'Mains',
'Maize', 'Major', 'Make', 'Maker', 'Makes', 'Malay', 'Male', 'Males', 'Mall',
'Malls', 'Malt', 'Malta', 'Malts', 'Malty', 'Malva', 'Mama', 'Mamas', 'Mamba',
'Mammy', 'Man', 'Mane', 'Maned', 'Manes', 'Mange', 'Mango', 'Mania', 'Manic',
'Manly', 'Manna', 'Manor', 'Manse', 'Many', 'Maori', 'Map', 'Maple', 'Maps',
'Mar', 'Mara', 'March', 'Mare', 'Mares', 'Maria', 'Mark', 'Marks', 'Marl',
'Marls', 'Marry', 'Mars', 'Marsh', 'Mart', 'Marx', 'Mary', 'Mas', 'Maser',
'Mash', 'Mask', 'Masks', 'Mason', 'Mass', 'Mast', 'Masts', 'Mat', 'Match',
'Mate', 'Mated', 'Mater', 'Mates', 'Math', 'Maths', 'Mats', 'Matt', 'Matte',
'Maul', 'Mauls', 'Mauve', 'Maw', 'Maxi', 'Maxim', 'May', 'Maya', 'Mayas',
'Maybe', 'Mayor', 'Maze', 'Mazes', 'Mazy', 'Me', 'Mead', 'Meal', 'Meals',
'Mealy', 'Mean', 'Means', 'Meant', 'Meany', 'Meat', 'Meats', 'Meaty', 'Mecca',
'Medal', 'Media', 'Medic', 'Meek', 'Meet', 'Meets', 'Mega', 'Meld', 'Melee',
'Melon', 'Melt', 'Melts', 'Memo', 'Men', 'Mend', 'Mends', 'Menu', 'Menus',
'Meow', 'Meows', 'Mercy', 'Mere', 'Merge', 'Merit', 'Merry', 'Mesh', 'Meson',
'Mess', 'Messy', 'Met', 'Metal', 'Meted', 'Meter', 'Metre', 'Metro', 'Mew',
'Mews', 'Miami', 'Mica', 'Mice', 'Micro', 'Mid', 'Midas', 'Midge', 'Midi',
'Midst', 'Mien', 'Might', 'Mike', 'Mikes', 'Milan', 'Mild', 'Mile', 'Miler',
'Miles', 'Milk', 'Milks', 'Milky', 'Mill', 'Mills', 'Milt', 'Mime', 'Mimed',
'Mimes', 'Mimic', 'Mince', 'Mind', 'Minds', 'Mine', 'Mined', 'Miner', 'Mines',
'Mini', 'Minim', 'Mink', 'Minke', 'Minks', 'Minor', 'Mint', 'Mints', 'Minty',
'Minus', 'Minx', 'Mire', 'Mired', 'Mires', 'Mirth', 'Miser', 'Miss', 'Missy',
'Mist', 'Mists', 'Misty', 'Mite', 'Mites', 'Mitre', 'Mitt', 'Mitts', 'Mix',
'Mixed', 'Mixer', 'Mixes', 'Mixup', 'Moan', 'Moans', 'Moas', 'Moat', 'Moats',
'Mob', 'Mobs', 'Mock', 'Mocks', 'Mod', 'Modal', 'Mode', 'Model', 'Modem',
'Modes', 'Mogul', 'Moist', 'Molar', 'Mold', 'Molds', 'Moldy', 'Mole', 'Moles',
'Molts', 'Mom', 'Moms', 'Money', 'Monk', 'Monks', 'Mono', 'Month', 'Moo',
'Mood', 'Moods', 'Moody', 'Mooed', 'Moon', 'Moons', 'Moor', 'Moors', 'Moos',
'Moose', 'Moot', 'Mop', 'Mope', 'Moped', 'Mopes', 'Mops', 'Moral', 'Moray',
'More', 'Mores', 'Morn', 'Morns', 'Moron', 'Morph', 'Morse', 'Mort', 'Moses',
'Moss', 'Mossy', 'Most', 'Motel', 'Motes', 'Motet', 'Moth', 'Moths', 'Motif',
'Motor', 'Motto', 'Mould', 'Moult', 'Mound', 'Mount', 'Mourn', 'Mouse', 'Mousy',
'Mouth', 'Move', 'Moved', 'Mover', 'Moves', 'Movie', 'Mow', 'Mowed', 'Mower',
'Mown', 'Mows', 'Mr', 'Mrs', 'Ms', 'Mu', 'Much', 'Muck', 'Mucks', 'Mucky',
'Mucus', 'Mud', 'Muddy', 'Muds', 'Muff', 'Muffs', 'Mufti', 'Mug', 'Muggy',
'Mugs', 'Mulch', 'Mule', 'Mules', 'Mull', 'Mum', 'Mummy', 'Mumps', 'Mums',
'Munch', 'Muons', 'Mural', 'Murk', 'Murky', 'Muse', 'Mused', 'Muses', 'Mush',
'Mushy', 'Music', 'Musk', 'Musks', 'Musky', 'Must', 'Musts', 'Musty', 'Mute',
'Muted', 'Mutes', 'Mutt', 'Mutts', 'Muzak', 'My', 'Myna', 'Myope', 'Myrrh',
'Myth', 'Myths', 'Nab', 'Nabs', 'Nadir', 'Nag', 'Nags', 'Naiad', 'Nail',
'Nails', 'Naive', 'Naked', 'Name', 'Named', 'Names', 'Nanny', 'Naomi', 'Nap',
'Nape', 'Nappy', 'Naps', 'Nasal', 'Nasty', 'Natal', 'Nato', 'Naval', 'Nave',
'Navel', 'Navvy', 'Navy', 'Nay', 'Nazi', 'Nazis', 'Ne', 'Near', 'Nears', 'Neat',
'Neck', 'Necks', 'Nee', 'Need', 'Needs', 'Needy', 'Negev', 'Neigh', 'Neon',
'Nepal', 'Nerd', 'Nerds', 'Nerve', 'Nervy', 'Nest', 'Nests', 'Net', 'Nets',
'Nett', 'Netts', 'Never', 'New', 'Newer', 'Newly', 'News', 'Newsy', 'Newt',
'Newts', 'Next', 'Nguni', 'Nib', 'Nibs', 'Nice', 'Nicer', 'Niche', 'Nick',
'Nicks', 'Niece', 'Nifty', 'Niger', 'Nigh', 'Night', 'Nil', 'Nile', 'Nils',
'Nine', 'Nines', 'Ninny', 'Ninth', 'Nip', 'Nips', 'Nit', 'Nits', 'Nixon', 'No',
'Noah', 'Noble', 'Nobly', 'Nod', 'Nodal', 'Noddy', 'Node', 'Nodes', 'Nods',
'Noel', 'Nohow', 'Noise', 'Noisy', 'Nomad', 'Non', 'None', 'Nook', 'Nooks',
'Noon', 'Noons', 'Noose', 'Nor', 'Norm', 'Norms', 'North', 'Nose', 'Nosed',
'Noses', 'Nosey', 'Nosy', 'Not', 'Notch', 'Note', 'Noted', 'Notes', 'Noun',
'Nouns', 'Novel', 'Now', 'Nu', 'Nude', 'Nudes', 'Nudge', 'Nuke', 'Null',
'Nulls', 'Numb', 'Numbs', 'Nun', 'Nuns', 'Nurse', 'Nut', 'Nuts', 'Nutty',
'Nyala', 'Nylon', 'Nymph', 'Oaf', 'Oafs', 'Oak', 'Oaken', 'Oaks', 'Oakum',
'Oar', 'Oars', 'Oases', 'Oasis', 'Oast', 'Oat', 'Oath', 'Oaths', 'Oats',
'Obese', 'Obey', 'Obeys', 'Oboe', 'Oboes', 'Occur', 'Ocean', 'Ochre', 'Octal',
'Octet', 'Odd', 'Odder', 'Oddly', 'Odds', 'Ode', 'Odes', 'Odin', 'Odium',
'Odour', 'Of', 'Off', 'Offal', 'Offer', 'Oft', 'Often', 'Ogle', 'Ogled', 'Ogre',
'Ogres', 'Oh', 'Ohio', 'Ohm', 'Ohmic', 'Ohms', 'Oil', 'Oiled', 'Oiler', 'Oils',
'Oily', 'Oink', 'Oinks', 'Ok', 'Okapi', 'Okay', 'Okays', 'Old', 'Olden',
'Older', 'Oldie', 'Ole', 'Olive', 'Olm', 'Olms', 'Omega', 'Omen', 'Omens',
'Omit', 'Omits', 'On', 'Once', 'One', 'Oner', 'Ones', 'Onion', 'Only', 'Onset',
'Onto', 'Onus', 'Onyx', 'Ooh', 'Oops', 'Ooze', 'Oozed', 'Oozes', 'Oozy', 'Opal',
'Opals', 'Open', 'Opens', 'Opera', 'Opine', 'Opium', 'Opt', 'Opted', 'Optic',
'Opts', 'Opus', 'Or', 'Oral', 'Orang', 'Orate', 'Orb', 'Orbit', 'Orbs', 'Orca',
'Order', 'Ore', 'Ores', 'Organ', 'Orgy', 'Oscar', 'Oslo', 'Other', 'Otter',
'Ouch', 'Ought', 'Ounce', 'Our', 'Ours', 'Oust', 'Ousts', 'Out', 'Outdo',
'Outer', 'Outgo', 'Outs', 'Ova', 'Oval', 'Ovals', 'Ovary', 'Ovate', 'Oven',
'Ovens', 'Over', 'Overs', 'Overt', 'Ovoid', 'Ovum', 'Ow', 'Owe', 'Owed', 'Owes',
'Owing', 'Owl', 'Owlet', 'Owls', 'Own', 'Owned', 'Owner', 'Owns', 'Ox', 'Oxen',
'Oxide', 'Ozone', 'Pa', 'Pace', 'Paced', 'Pacer', 'Paces', 'Pacey', 'Pack',
'Packs', 'Pact', 'Pacts', 'Pad', 'Paddy', 'Padre', 'Pads', 'Paean', 'Pagan',
'Page', 'Paged', 'Pager', 'Pages', 'Paid', 'Pail', 'Pails', 'Pain', 'Pains',
'Paint', 'Pair', 'Pairs', 'Pal', 'Pale', 'Paled', 'Paler', 'Pales', 'Pall',
'Palls', 'Palm', 'Palms', 'Palmy', 'Palp', 'Pals', 'Palsy', 'Pan', 'Panda',
'Pane', 'Paned', 'Panel', 'Panes', 'Pang', 'Panga', 'Pangs', 'Panic', 'Pans',
'Pansy', 'Pant', 'Pants', 'Pap', 'Papa', 'Papal', 'Papas', 'Papaw', 'Paper',
'Pappy', 'Papua', 'Par', 'Parch', 'Pare', 'Pared', 'Pares', 'Paris', 'Park',
'Parka', 'Parks', 'Parry', 'Parse', 'Part', 'Parts', 'Party', 'Pass', 'Passe',
'Past', 'Pasta', 'Paste', 'Pasts', 'Pasty', 'Pat', 'Patch', 'Pate', 'Paten',
'Pater', 'Pates', 'Path', 'Paths', 'Patio', 'Pats', 'Paul', 'Pause', 'Pave',
'Paved', 'Paves', 'Paw', 'Pawed', 'Pawn', 'Pawns', 'Paws', 'Pay', 'Payed',
'Payee', 'Payer', 'Pays', 'Pea', 'Peace', 'Peach', 'Peak', 'Peaks', 'Peaky',
'Peal', 'Peals', 'Pear', 'Pearl', 'Pears', 'Peas', 'Peat', 'Peaty', 'Pecan',
'Peck', 'Pecks', 'Pedal', 'Peek', 'Peeks', 'Peel', 'Peels', 'Peep', 'Peeps',
'Peer', 'Peers', 'Peg', 'Pegs', 'Pekan', 'Pele', 'Pelt', 'Pelts', 'Pen',
'Penal', 'Pence', 'Penny', 'Pens', 'Pent', 'Pep', 'Peps', 'Per', 'Perch',
'Peri', 'Peril', 'Perk', 'Perks', 'Perky', 'Perm', 'Perms', 'Perry', 'Pert',
'Perth', 'Peru', 'Pesky', 'Pest', 'Pests', 'Pet', 'Petal', 'Peter', 'Petit',
'Pets', 'Petty', 'Pew', 'Pews', 'Phase', 'Phew', 'Phlox', 'Phone', 'Phony',
'Photo', 'Phyla', 'Pi', 'Piano', 'Pica', 'Pick', 'Picks', 'Pie', 'Piece',
'Pied', 'Pier', 'Piers', 'Pies', 'Pieta', 'Piety', 'Pig', 'Piggy', 'Pigs',
'Pike', 'Pikes', 'Pile', 'Piled', 'Piles', 'Pill', 'Pills', 'Pilot', 'Pimp',
'Pimps', 'Pin', 'Pinch', 'Pine', 'Pined', 'Pines', 'Ping', 'Pings', 'Pink',
'Pinks', 'Pinky', 'Pins', 'Pint', 'Pints', 'Pinup', 'Piny', 'Pion', 'Pions',
'Pious', 'Pip', 'Pipe', 'Piped', 'Piper', 'Pipes', 'Pipit', 'Pips', 'Pique',
'Pisa', 'Pit', 'Pitch', 'Pith', 'Piths', 'Pithy', 'Piton', 'Pits', 'Pity',
'Pivot', 'Pixel', 'Pixie', 'Pizza', 'Place', 'Plaid', 'Plain', 'Plait', 'Plan',
'Plane', 'Plank', 'Plans', 'Plant', 'Plasm', 'Plate', 'Plato', 'Play', 'Plays',
'Plaza', 'Plea', 'Plead', 'Pleas', 'Pleat', 'Pleb', 'Plebs', 'Plied', 'Plies',
'Plod', 'Plods', 'Plop', 'Plops', 'Plot', 'Plots', 'Ploy', 'Ploys', 'Pluck',
'Plug', 'Plugs', 'Plum', 'Plumb', 'Plume', 'Plump', 'Plums', 'Plumy', 'Plus',
'Plush', 'Pluto', 'Ply', 'Poach', 'Pock', 'Pocks', 'Pod', 'Podgy', 'Podia',
'Pods', 'Poem', 'Poems', 'Poet', 'Poets', 'Pogo', 'Point', 'Poise', 'Poke',
'Poked', 'Poker', 'Pokes', 'Poky', 'Polar', 'Pole', 'Poled', 'Poles', 'Polio',
'Polka', 'Poll', 'Polls', 'Polo', 'Polyp', 'Pomp', 'Ponce', 'Pond', 'Ponds',
'Pony', 'Pooch', 'Poof', 'Pooh', 'Pool', 'Pools', 'Poop', 'Poor', 'Pop', 'Pope',
'Popes', 'Poppy', 'Pops', 'Popup', 'Porch', 'Pore', 'Pored', 'Pores', 'Pork',
'Porky', 'Porn', 'Porno', 'Porns', 'Port', 'Ports', 'Pose', 'Posed', 'Poser',
'Poses', 'Posh', 'Posit', 'Posse', 'Post', 'Posts', 'Posy', 'Pot', 'Potch',
'Pots', 'Potty', 'Pouch', 'Poult', 'Pound', 'Pour', 'Pours', 'Pout', 'Pouts',
'Power', 'Pox', 'Pram', 'Prams', 'Prang', 'Prank', 'Prat', 'Prawn', 'Pray',
'Prays', 'Pre', 'Preen', 'Prep', 'Preps', 'Press', 'Prey', 'Preys', 'Price',
'Prick', 'Pricy', 'Pride', 'Pried', 'Pries', 'Prig', 'Prim', 'Prime', 'Print',
'Prior', 'Prise', 'Prism', 'Privy', 'Prize', 'Pro', 'Probe', 'Prod', 'Prods',
'Prone', 'Prong', 'Proof', 'Prop', 'Props', 'Pros', 'Prose', 'Proud', 'Prove',
'Prow', 'Prowl', 'Prows', 'Proxy', 'Prude', 'Prune', 'Pry', 'Psalm', 'Pub',
'Pubic', 'Pubs', 'Puff', 'Puffs', 'Puffy', 'Pug', 'Pugs', 'Puke', 'Pull',
'Pulls', 'Pulp', 'Pulps', 'Pulpy', 'Pulse', 'Puma', 'Pumas', 'Pump', 'Pumps',
'Pun', 'Punch', 'Punk', 'Punks', 'Punky', 'Puns', 'Punt', 'Punts', 'Puny',
'Pup', 'Pupa', 'Pupae', 'Pupal', 'Pupil', 'Puppy', 'Pups', 'Pure', 'Puree',
'Purer', 'Purge', 'Purl', 'Purls', 'Purr', 'Purrs', 'Purse', 'Pus', 'Push',
'Pushy', 'Puss', 'Pussy', 'Put', 'Puts', 'Putt', 'Putti', 'Putts', 'Putty',
'Pygmy', 'Pylon', 'Pyre', 'Pyres', 'Qatar', 'Qua', 'Quack', 'Quaff', 'Quail',
'Quake', 'Qualm', 'Quark', 'Quart', 'Quash', 'Quasi', 'Quay', 'Quays', 'Queen',
'Queer', 'Quell', 'Quern', 'Query', 'Quest', 'Queue', 'Quick', 'Quid', 'Quids',
'Quiet', 'Quiff', 'Quill', 'Quilt', 'Quip', 'Quips', 'Quire', 'Quirk', 'Quit',
'Quite', 'Quits', 'Quiz', 'Quota', 'Quote', 'Rabat', 'Rabbi', 'Rabid', 'Race',
'Raced', 'Racer', 'Races', 'Rack', 'Racks', 'Racy', 'Rad', 'Radar', 'Radii',
'Radio', 'Radix', 'Radon', 'Raft', 'Rafts', 'Rag', 'Rage', 'Raged', 'Rages',
'Rags', 'Raid', 'Raids', 'Rail', 'Rails', 'Rain', 'Rains', 'Rainy', 'Raise',
'Raj', 'Rajah', 'Rake', 'Raked', 'Rakes', 'Rally', 'Ram', 'Ramp', 'Ramps',
'Rams', 'Ran', 'Ranch', 'Rand', 'Rands', 'Randy', 'Rang', 'Range', 'Rangy',
'Rani', 'Ranis', 'Rank', 'Ranks', 'Rant', 'Rants', 'Rap', 'Rape', 'Raped',
'Rapes', 'Rapid', 'Raps', 'Rapt', 'Rare', 'Rarer', 'Rased', 'Rash', 'Rasp',
'Rasps', 'Raspy', 'Rat', 'Rate', 'Rated', 'Rater', 'Rates', 'Ratio', 'Rats',
'Ratty', 'Rave', 'Raved', 'Ravel', 'Raven', 'Raver', 'Raves', 'Raw', 'Ray',
'Rayed', 'Rayon', 'Rays', 'Raze', 'Razed', 'Razes', 'Razor', 'Re', 'Reach',
'React', 'Read', 'Reads', 'Ready', 'Real', 'Realm', 'Reals', 'Ream', 'Reams',
'Reap', 'Reaps', 'Rear', 'Rearm', 'Rears', 'Rebel', 'Rebus', 'Rebut', 'Recap',
'Recto', 'Recur', 'Red', 'Redo', 'Redox', 'Reds', 'Reed', 'Reeds', 'Reef',
'Reefs', 'Reek', 'Reeks', 'Reel', 'Reels', 'Ref', 'Refer', 'Refit', 'Refs',
'Regal', 'Reich', 'Reify', 'Reign', 'Rein', 'Reins', 'Relax', 'Relay', 'Relic',
'Relit', 'Rely', 'Rem', 'Remap', 'Remit', 'Remix', 'Remus', 'Renal', 'Rends',
'Renew', 'Rent', 'Rents', 'Rep', 'Repay', 'Repel', 'Reply', 'Reps', 'Reran',
'Rerun', 'Resea', 'Reset', 'Resin', 'Resit', 'Rest', 'Rests', 'Retch', 'Retro',
'Retry', 'Reuse', 'Rev', 'Revel', 'Revs', 'Revue', 'Rhea', 'Rhein', 'Rhine',
'Rhino', 'Rho', 'Rhyme', 'Ria', 'Rial', 'Rials', 'Rib', 'Ribs', 'Rice', 'Rich',
'Rick', 'Ricks', 'Rid', 'Ride', 'Rider', 'Rides', 'Ridge', 'Rids', 'Rife',
'Riff', 'Riffs', 'Rifle', 'Rift', 'Rifts', 'Rig', 'Right', 'Rigid', 'Rigor',
'Rigs', 'Rile', 'Riled', 'Riles', 'Rill', 'Rills', 'Rim', 'Rime', 'Rims',
'Rind', 'Rinds', 'Ring', 'Rings', 'Rink', 'Rinks', 'Rinse', 'Riot', 'Riots',
'Rip', 'Ripe', 'Ripen', 'Riper', 'Rips', 'Rise', 'Risen', 'Riser', 'Rises',
'Risk', 'Risks', 'Risky', 'Rite', 'Rites', 'Rival', 'Riven', 'River', 'Rivet',
'Roach', 'Road', 'Roads', 'Roam', 'Roams', 'Roan', 'Roar', 'Roars', 'Roast',
'Rob', 'Robe', 'Robed', 'Robes', 'Robin', 'Robot', 'Robs', 'Roc', 'Rock',
'Rocks', 'Rocky', 'Rocs', 'Rod', 'Rode', 'Rodeo', 'Rods', 'Roe', 'Roes',
'Rogue', 'Role', 'Roles', 'Roll', 'Rolls', 'Rom', 'Roman', 'Rome', 'Romp',
'Romps', 'Roo', 'Roof', 'Roofs', 'Rook', 'Rooks', 'Room', 'Rooms', 'Roomy',
'Roost', 'Root', 'Roots', 'Rope', 'Roped', 'Ropes', 'Rose', 'Roses', 'Rosin',
'Rosy', 'Rot', 'Rota', 'Rotas', 'Rote', 'Rotor', 'Rots', 'Rouge', 'Rough',
'Round', 'Rouse', 'Rout', 'Route', 'Routs', 'Rove', 'Roved', 'Rover', 'Roves',
'Row', 'Rowdy', 'Rowed', 'Rower', 'Rows', 'Royal', 'Rub', 'Rubs', 'Ruby',
'Ruck', 'Rucks', 'Ruddy', 'Rude', 'Ruder', 'Rue', 'Rues', 'Ruff', 'Ruffs',
'Rug', 'Rugby', 'Rugs', 'Ruin', 'Ruins', 'Rule', 'Ruled', 'Ruler', 'Rules',
'Rum', 'Rumba', 'Rumen', 'Rummy', 'Rump', 'Rumps', 'Run', 'Rune', 'Runes',
'Rung', 'Rungs', 'Runny', 'Runs', 'Runt', 'Runts', 'Rupee', 'Rural', 'Ruse',
'Rush', 'Rusk', 'Rusks', 'Rust', 'Rusts', 'Rusty', 'Rut', 'Ruth', 'Ruts', 'Rye',
'Saber', 'Sable', 'Sabra', 'Sabre', 'Sac', 'Sack', 'Sacks', 'Sacs', 'Sad',
'Sadly', 'Safe', 'Safer', 'Safes', 'Sag', 'Saga', 'Sagas', 'Sage', 'Sages',
'Sago', 'Sags', 'Sahib', 'Said', 'Sail', 'Sails', 'Saint', 'Sake', 'Sakes',
'Saki', 'Salad', 'Sale', 'Salem', 'Sales', 'Sally', 'Salon', 'Salsa', 'Salt',
'Salts', 'Salty', 'Salve', 'Salvo', 'Sam', 'Samba', 'Same', 'Samoa', 'San',
'Sand', 'Sands', 'Sandy', 'Sane', 'Saner', 'Sang', 'Sank', 'Sap', 'Saps',
'Sarge', 'Sari', 'Saris', 'Sash', 'Sat', 'Satan', 'Sated', 'Satin', 'Satyr',
'Sauce', 'Saucy', 'Saudi', 'Sauna', 'Saute', 'Save', 'Saved', 'Saver', 'Saves',
'Savvy', 'Saw', 'Sawed', 'Sawn', 'Saws', 'Saxon', 'Say', 'Says', 'Scab',
'Scabs', 'Scald', 'Scale', 'Scalp', 'Scaly', 'Scam', 'Scamp', 'Scams', 'Scan',
'Scans', 'Scant', 'Scape', 'Scar', 'Scare', 'Scarf', 'Scarp', 'Scars', 'Scary',
'Scat', 'Scene', 'Scent', 'Schwa', 'Scifi', 'Scoff', 'Scold', 'Scone', 'Scoop',
'Scoot', 'Scope', 'Score', 'Scorn', 'Scot', 'Scots', 'Scour', 'Scout', 'Scowl',
'Scram', 'Scrap', 'Scree', 'Screw', 'Scrub', 'Scrum', 'Scuba', 'Scud', 'Scuds',
'Scuff', 'Scull', 'Scum', 'Sea', 'Seal', 'Seals', 'Seam', 'Seams', 'Seamy',
'Sear', 'Sears', 'Seas', 'Seat', 'Seats', 'Sec', 'Sect', 'Sects', 'Sedan',
'Sedge', 'See', 'Seed', 'Seeds', 'Seedy', 'Seek', 'Seeks', 'Seem', 'Seems',
'Seen', 'Seep', 'Seeps', 'Seer', 'Seers', 'Sees', 'Seine', 'Seize', 'Self',
'Sell', 'Sells', 'Semen', 'Semi', 'Sen', 'Send', 'Sends', 'Sense', 'Sent',
'Seoul', 'Sepia', 'Serai', 'Serf', 'Serfs', 'Serge', 'Serif', 'Serum', 'Serve',
'Set', 'Seth', 'Sets', 'Setts', 'Setup', 'Seven', 'Sever', 'Sew', 'Sewed',
'Sewer', 'Sewn', 'Sews', 'Sex', 'Sexed', 'Sexes', 'Sexy', 'Shack', 'Shade',
'Shady', 'Shaft', 'Shag', 'Shags', 'Shah', 'Shahs', 'Shake', 'Shaky', 'Shale',
'Shall', 'Sham', 'Shame', 'Shams', 'Shank', 'Shape', 'Shard', 'Share', 'Shark',
'Sharp', 'Shave', 'Shaw', 'Shawl', 'She', 'Sheaf', 'Shear', 'Shed', 'Sheds',
'Sheen', 'Sheep', 'Sheer', 'Sheet', 'Sheik', 'Shelf', 'Shell', 'Shied', 'Shies',
'Shift', 'Shin', 'Shine', 'Shins', 'Shiny', 'Ship', 'Ships', 'Shire', 'Shirk',
'Shirt', 'Shoal', 'Shock', 'Shod', 'Shoe', 'Shoed', 'Shoes', 'Shone', 'Shoo',
'Shook', 'Shoot', 'Shop', 'Shops', 'Shore', 'Shorn', 'Short', 'Shot', 'Shots',
'Shout', 'Shove', 'Show', 'Shown', 'Shows', 'Showy', 'Shred', 'Shrew', 'Shrub',
'Shrug', 'Shun', 'Shuns', 'Shunt', 'Shut', 'Shuts', 'Shy', 'Shyer', 'Shyly',
'Siam', 'Sibyl', 'Sic', 'Sick', 'Side', 'Sided', 'Sider', 'Sides', 'Sidle',
'Siege', 'Sieve', 'Sift', 'Sifts', 'Sigh', 'Sighs', 'Sight', 'Sigma', 'Sign',
'Signs', 'Silk', 'Silks', 'Silky', 'Silly', 'Silo', 'Silt', 'Silts', 'Silty',
'Sin', 'Sinai', 'Since', 'Sine', 'Sines', 'Sinew', 'Sing', 'Singe', 'Sings',
'Sink', 'Sinks', 'Sins', 'Sinus', 'Sip', 'Sips', 'Sir', 'Sire', 'Sired',
'Siren', 'Sires', 'Sirs', 'Sis', 'Sisal', 'Sissy', 'Sit', 'Sitar', 'Site',
'Sited', 'Sites', 'Sits', 'Six', 'Sixes', 'Sixth', 'Sixty', 'Size', 'Sized',
'Sizes', 'Skate', 'Skein', 'Skew', 'Skews', 'Ski', 'Skid', 'Skids', 'Skied',
'Skier', 'Skies', 'Skill', 'Skim', 'Skimp', 'Skims', 'Skin', 'Skins', 'Skip',
'Skips', 'Skirl', 'Skirt', 'Skis', 'Skit', 'Skits', 'Skua', 'Skuas', 'Skulk',
'Skull', 'Skunk', 'Sky', 'Slab', 'Slabs', 'Slack', 'Slag', 'Slags', 'Slain',
'Slake', 'Slam', 'Slams', 'Slang', 'Slant', 'Slap', 'Slaps', 'Slash', 'Slat',
'Slate', 'Slats', 'Slav', 'Slave', 'Slavs', 'Slay', 'Slays', 'Sled', 'Sleds',
'Sleek', 'Sleep', 'Sleet', 'Slept', 'Slew', 'Slice', 'Slick', 'Slid', 'Slide',
'Slily', 'Slim', 'Slime', 'Slims', 'Slimy', 'Sling', 'Slink', 'Slip', 'Slips',
'Slit', 'Slits', 'Slob', 'Slobs', 'Slog', 'Slogs', 'Sloop', 'Slop', 'Slope',
'Slops', 'Slosh', 'Slot', 'Sloth', 'Slots', 'Slow', 'Slows', 'Slug', 'Slugs',
'Slum', 'Slump', 'Slums', 'Slung', 'Slunk', 'Slur', 'Slurp', 'Slurs', 'Slush',
'Slut', 'Sluts', 'Sly', 'Slyer', 'Slyly', 'Smack', 'Small', 'Smart', 'Smash',
'Smear', 'Smell', 'Smelt', 'Smile', 'Smirk', 'Smite', 'Smith', 'Smock', 'Smog',
'Smogs', 'Smoke', 'Smoky', 'Smote', 'Smug', 'Smut', 'Smuts', 'Snack', 'Snag',
'Snags', 'Snail', 'Snake', 'Snaky', 'Snap', 'Snaps', 'Snare', 'Snarl', 'Sneak',
'Sneer', 'Snick', 'Snide', 'Sniff', 'Snip', 'Snipe', 'Snips', 'Snits', 'Snob',
'Snobs', 'Snoek', 'Snoop', 'Snore', 'Snort', 'Snout', 'Snow', 'Snows', 'Snowy',
'Snub', 'Snubs', 'Snuff', 'Snug', 'So', 'Soak', 'Soaks', 'Soap', 'Soaps',
'Soapy', 'Soar', 'Soars', 'Sob', 'Sober', 'Sobs', 'Sock', 'Socks', 'Sod',
'Soda', 'Sodas', 'Soddy', 'Sodom', 'Sods', 'Sofa', 'Sofas', 'Soft', 'Softy',
'Soggy', 'Soh', 'Soil', 'Soils', 'Solar', 'Sold', 'Sole', 'Soler', 'Soles',
'Solfa', 'Solid', 'Solo', 'Solve', 'Soma', 'Somas', 'Some', 'Son', 'Sonar',
'Sones', 'Song', 'Songs', 'Sonic', 'Sonny', 'Sons', 'Soon', 'Soot', 'Soots',
'Sooty', 'Sop', 'Soppy', 'Sore', 'Sores', 'Sorry', 'Sort', 'Sorts', 'Sos',
'Soso', 'Sot', 'Sotho', 'Souk', 'Souks', 'Soul', 'Souls', 'Sound', 'Soup',
'Soups', 'Soupy', 'Sour', 'Sours', 'South', 'Sow', 'Sowed', 'Sower', 'Sown',
'Sows', 'Soy', 'Soya', 'Spa', 'Space', 'Spade', 'Spain', 'Spam', 'Span',
'Spank', 'Spans', 'Spar', 'Spare', 'Spark', 'Spars', 'Spas', 'Spasm', 'Spat',
'Spate', 'Spats', 'Spawn', 'Spay', 'Spays', 'Speak', 'Spear', 'Spec', 'Speck',
'Specs', 'Sped', 'Speed', 'Spell', 'Spelt', 'Spend', 'Spent', 'Spew', 'Spews',
'Spice', 'Spicy', 'Spied', 'Spies', 'Spike', 'Spiky', 'Spill', 'Spilt', 'Spin',
'Spine', 'Spins', 'Spiny', 'Spire', 'Spit', 'Spite', 'Spits', 'Splat', 'Split',
'Spoil', 'Spoke', 'Spoof', 'Spook', 'Spool', 'Spoon', 'Spoor', 'Spore', 'Sport',
'Spot', 'Spots', 'Spout', 'Sprat', 'Spray', 'Spree', 'Sprig', 'Spry', 'Spud',
'Spume', 'Spun', 'Spur', 'Spurn', 'Spurs', 'Spurt', 'Spy', 'Squad', 'Squat',
'Squaw', 'Squib', 'Squid', 'Stab', 'Stabs', 'Stack', 'Staff', 'Stag', 'Stage',
'Stags', 'Staid', 'Stain', 'Stair', 'Stake', 'Stale', 'Stalk', 'Stall', 'Stamp',
'Stand', 'Stank', 'Star', 'Stare', 'Stark', 'Stars', 'Start', 'State', 'Stave',
'Stay', 'Stays', 'Stead', 'Steak', 'Steal', 'Steam', 'Steed', 'Steel', 'Steep',
'Steer', 'Stem', 'Stems', 'Step', 'Steps', 'Stern', 'Stet', 'Stew', 'Stews',
'Stick', 'Sties', 'Stiff', 'Still', 'Stilt', 'Sting', 'Stink', 'Stint', 'Stir',
'Stirs', 'Stoa', 'Stoat', 'Stock', 'Stoep', 'Stoic', 'Stoke', 'Stole', 'Stoma',
'Stomp', 'Stone', 'Stony', 'Stood', 'Stool', 'Stoop', 'Stop', 'Stops', 'Store',
'Stork', 'Storm', 'Story', 'Stout', 'Stove', 'Stow', 'Stows', 'Strap', 'Straw',
'Stray', 'Strew', 'Strip', 'Strop', 'Strum', 'Strut', 'Stub', 'Stubs', 'Stuck',
'Stud', 'Studs', 'Study', 'Stuff', 'Stump', 'Stun', 'Stung', 'Stuns', 'Stunt',
'Sty', 'Style', 'Styli', 'Styx', 'Suave', 'Sub', 'Subs', 'Such', 'Suck',
'Sucks', 'Sud', 'Sudan', 'Suds', 'Sue', 'Sued', 'Suede', 'Sues', 'Suet',
'Sugar', 'Suing', 'Suit', 'Suite', 'Suits', 'Sulk', 'Sulks', 'Sulky', 'Sully',
'Sum', 'Summa', 'Sumo', 'Sump', 'Sumps', 'Sums', 'Sun', 'Sung', 'Sunk', 'Sunny',
'Suns', 'Sup', 'Super', 'Sups', 'Surd', 'Sure', 'Surer', 'Surf', 'Surfs',
'Surge', 'Surly', 'Sushi', 'Swab', 'Swabs', 'Swad', 'Swads', 'Swag', 'Swags',
'Swam', 'Swamp', 'Swan', 'Swans', 'Swap', 'Swaps', 'Sward', 'Swarm', 'Swat',
'Swats', 'Sway', 'Sways', 'Swazi', 'Swear', 'Sweat', 'Swede', 'Sweep', 'Sweet',
'Swell', 'Swept', 'Swift', 'Swill', 'Swim', 'Swims', 'Swine', 'Swing', 'Swipe',
'Swirl', 'Swish', 'Swiss', 'Swoon', 'Swoop', 'Swop', 'Swops', 'Sword', 'Swore',
'Sworn', 'Swot', 'Swots', 'Swum', 'Swung', 'Sylph', 'Sync', 'Synod', 'Syria',
'Syrup', 'Taal', 'Tab', 'Tabby', 'Table', 'Taboo', 'Tabs', 'Tacit', 'Tack',
'Tacks', 'Tacky', 'Tact', 'Tag', 'Tags', 'Tahr', 'Tail', 'Tails', 'Taint',
'Take', 'Taken', 'Taker', 'Takes', 'Talc', 'Tale', 'Tales', 'Talk', 'Talks',
'Tall', 'Tally', 'Talon', 'Tame', 'Tamed', 'Tamer', 'Tames', 'Tamp', 'Tan',
'Tang', 'Tango', 'Tangy', 'Tank', 'Tanks', 'Tans', 'Tap', 'Tapas', 'Tape',
'Taped', 'Taper', 'Tapes', 'Tapir', 'Taps', 'Tar', 'Tardy', 'Tares', 'Tarn',
'Tarns', 'Tarot', 'Tarry', 'Tars', 'Tart', 'Tarts', 'Tarty', 'Task', 'Tasks',
'Taste', 'Tasty', 'Tat', 'Tatty', 'Tau', 'Taunt', 'Taut', 'Tawny', 'Tax',
'Taxed', 'Taxes', 'Taxi', 'Taxis', 'Tea', 'Teach', 'Teak', 'Teal', 'Team',
'Teams', 'Tear', 'Tears', 'Teas', 'Tease', 'Teat', 'Teats', 'Tech', 'Ted',
'Teddy', 'Teds', 'Tee', 'Teed', 'Teem', 'Teems', 'Teen', 'Teens', 'Teeny',
'Tees', 'Teeth', 'Telex', 'Tell', 'Tells', 'Telly', 'Tempi', 'Tempo', 'Tempt',
'Ten', 'Tench', 'Tend', 'Tends', 'Tenet', 'Tenon', 'Tenor', 'Tens', 'Tense',
'Tent', 'Tenth', 'Tents', 'Tepee', 'Tepid', 'Term', 'Terms', 'Tern', 'Terns',
'Terry', 'Terse', 'Test', 'Tests', 'Testy', 'Tetra', 'Texan', 'Texas', 'Text',
'Texts', 'Thai', 'Than', 'Thane', 'Thank', 'That', 'Thaw', 'Thaws', 'The',
'Thee', 'Theft', 'Their', 'Them', 'Theme', 'Then', 'There', 'These', 'Theta',
'They', 'Thick', 'Thief', 'Thigh', 'Thin', 'Thine', 'Thing', 'Think', 'Thins',
'Third', 'This', 'Thong', 'Thor', 'Thorn', 'Those', 'Thou', 'Three', 'Threw',
'Throb', 'Throw', 'Thrum', 'Thud', 'Thuds', 'Thug', 'Thugs', 'Thumb', 'Thump',
'Thus', 'Thy', 'Thyme', 'Tiara', 'Tibia', 'Tic', 'Tick', 'Ticks', 'Tics',
'Tidal', 'Tide', 'Tides', 'Tidy', 'Tie', 'Tied', 'Tier', 'Tiers', 'Ties',
'Tiger', 'Tight', 'Tikka', 'Tilde', 'Tile', 'Tiled', 'Tiler', 'Tiles', 'Till',
'Tills', 'Tilt', 'Tilts', 'Time', 'Timed', 'Timer', 'Times', 'Timid', 'Tin',
'Tinge', 'Tinny', 'Tins', 'Tint', 'Tints', 'Tiny', 'Tip', 'Tips', 'Tipsy',
'Tire', 'Tired', 'Tires', 'Tiro', 'Tit', 'Titan', 'Tithe', 'Title', 'Titre',
'Tits', 'To', 'Toad', 'Toads', 'Toady', 'Toast', 'Toby', 'Today', 'Toddy',
'Toe', 'Toed', 'Toes', 'Toffy', 'Tofu', 'Tog', 'Toga', 'Togas', 'Togo', 'Togs',
'Toil', 'Toils', 'Token', 'Tokyo', 'Told', 'Toll', 'Tolls', 'Tomb', 'Tombs',
'Tome', 'Tomes', 'Ton', 'Tonal', 'Tone', 'Toned', 'Toner', 'Tones', 'Tonga',
'Tongs', 'Tonic', 'Tonne', 'Tons', 'Tony', 'Too', 'Took', 'Tool', 'Tools',
'Toot', 'Tooth', 'Top', 'Topaz', 'Topic', 'Tops', 'Torah', 'Torch', 'Tore',
'Tori', 'Torn', 'Torso', 'Torts', 'Torus', 'Tory', 'Toss', 'Tot', 'Total',
'Totem', 'Tots', 'Touch', 'Tough', 'Tour', 'Tours', 'Tout', 'Touts', 'Tow',
'Towed', 'Towel', 'Tower', 'Town', 'Towns', 'Tows', 'Toxic', 'Toxin', 'Toy',
'Toyed', 'Toys', 'Trace', 'Track', 'Tract', 'Trad', 'Trade', 'Trail', 'Train',
'Trait', 'Tram', 'Tramp', 'Trams', 'Trap', 'Traps', 'Trash', 'Trawl', 'Tray',
'Trays', 'Tread', 'Treat', 'Tree', 'Trees', 'Trek', 'Treks', 'Trend', 'Tress',
'Trews', 'Triad', 'Trial', 'Tribe', 'Trice', 'Trick', 'Tried', 'Trier', 'Tries',
'Trigs', 'Trill', 'Trim', 'Trims', 'Trio', 'Trip', 'Tripe', 'Trips', 'Trite',
'Trod', 'Troll', 'Troop', 'Trope', 'Trot', 'Trots', 'Trout', 'Trove', 'Troy',
'Truce', 'Truck', 'True', 'Truer', 'Truly', 'Trump', 'Trunk', 'Truss', 'Trust',
'Truth', 'Try', 'Tub', 'Tuba', 'Tubas', 'Tubby', 'Tube', 'Tubed', 'Tuber',
'Tubes', 'Tubs', 'Tuck', 'Tucks', 'Tues', 'Tuft', 'Tufts', 'Tug', 'Tugs',
'Tulip', 'Tummy', 'Tun', 'Tuna', 'Tunas', 'Tune', 'Tuned', 'Tuner', 'Tunes',
'Tunic', 'Tunny', 'Tuns', 'Turbo', 'Turf', 'Turfs', 'Turfy', 'Turin', 'Turk',
'Turks', 'Turn', 'Turns', 'Tusk', 'Tusks', 'Tutor', 'Tutu', 'Twain', 'Twang',
'Tweak', 'Twee', 'Tweed', 'Tweet', 'Twice', 'Twig', 'Twigs', 'Twill', 'Twin',
'Twine', 'Twins', 'Twirl', 'Twist', 'Twit', 'Two', 'Tying', 'Tyke', 'Tykes',
'Type', 'Typed', 'Types', 'Tyre', 'Tyres', 'Udder', 'Ufo', 'Ugly', 'Uhuh',
'Uke', 'Ulcer', 'Ultra', 'Umbra', 'Unapt', 'Unarm', 'Unary', 'Unbar', 'Uncle',
'Uncut', 'Under', 'Undid', 'Undo', 'Undue', 'Unfed', 'Unfit', 'Unfix', 'Unify',
'Union', 'Unit', 'Unite', 'Units', 'Unity', 'Unjam', 'Unlit', 'Unmet', 'Unset',
'Untie', 'Until', 'Unto', 'Unwed', 'Unzip', 'Up', 'Upon', 'Upped', 'Upper',
'Uproo', 'Ups', 'Upset', 'Urban', 'Urea', 'Urge', 'Urged', 'Urges', 'Urine',
'Urn', 'Urns', 'Us', 'Usage', 'Use', 'Used', 'User', 'Users', 'Uses', 'Usher',
'Using', 'Usual', 'Usurp', 'Usury', 'Utah', 'Uteri', 'Utter', 'Uvula', 'Vacua',
'Vaduz', 'Vague', 'Vain', 'Vale', 'Vales', 'Valet', 'Valid', 'Value', 'Valve',
'Vamp', 'Vamps', 'Van', 'Vane', 'Vaned', 'Vanes', 'Vans', 'Vapid', 'Vary',
'Vase', 'Vases', 'Vast', 'Vat', 'Vats', 'Vault', 'Veal', 'Veer', 'Veers', 'Veg',
'Vegan', 'Veil', 'Veils', 'Vein', 'Veins', 'Velar', 'Veld', 'Veldt', 'Velum',
'Venal', 'Vend', 'Vends', 'Venom', 'Vent', 'Vents', 'Venue', 'Venus', 'Verb',
'Verbs', 'Verge', 'Verse', 'Verve', 'Very', 'Vest', 'Vests', 'Vet', 'Veto',
'Vets', 'Vex', 'Vexed', 'Vexes', 'Via', 'Vial', 'Vials', 'Vibes', 'Vicar',
'Vice', 'Vices', 'Video', 'Vie', 'Vied', 'Vier', 'Vies', 'View', 'Views',
'Vigil', 'Vile', 'Viler', 'Villa', 'Vim', 'Vims', 'Vine', 'Vines', 'Vino',
'Vinyl', 'Viol', 'Viola', 'Viper', 'Viral', 'Virus', 'Visa', 'Visas', 'Vise',
'Visit', 'Visor', 'Vista', 'Vital', 'Viva', 'Vivid', 'Vixen', 'Vocal', 'Vodka',
'Vogue', 'Voice', 'Void', 'Voids', 'Voile', 'Vole', 'Voles', 'Volga', 'Volt',
'Volts', 'Vomit', 'Vote', 'Voted', 'Voter', 'Votes', 'Vouch', 'Vow', 'Vowed',
'Vowel', 'Vows', 'Vulva', 'Vying', 'Wacky', 'Wad', 'Wade', 'Waded', 'Wader',
'Wades', 'Wadi', 'Wadis', 'Wads', 'Wafer', 'Waft', 'Wafts', 'Wag', 'Wage',
'Waged', 'Wager', 'Wages', 'Wagon', 'Wags', 'Waif', 'Waifs', 'Wail', 'Wails',
'Waist', 'Wait', 'Waits', 'Waive', 'Wake', 'Waked', 'Waken', 'Wakes', 'Wales',
'Walk', 'Walks', 'Wall', 'Walls', 'Waltz', 'Wan', 'Wand', 'Wands', 'Wane',
'Waned', 'Wanes', 'Wanly', 'Want', 'Wants', 'War', 'Ward', 'Wards', 'Ware',
'Wares', 'Warm', 'Warms', 'Warn', 'Warns', 'Warp', 'Warps', 'Wars', 'Wart',
'Warts', 'Warty', 'Wary', 'Was', 'Wash', 'Washy', 'Wasp', 'Wasps', 'Wast',
'Waste', 'Watch', 'Water', 'Watt', 'Watts', 'Wave', 'Waved', 'Waver', 'Waves',
'Wavy', 'Wax', 'Waxed', 'Waxen', 'Waxes', 'Waxy', 'Way', 'Ways', 'We', 'Weak',
'Weal', 'Wean', 'Weans', 'Wear', 'Wears', 'Weary', 'Weave', 'Web', 'Webby',
'Webs', 'Wed', 'Wedge', 'Weds', 'Wee', 'Weed', 'Weeds', 'Weedy', 'Week',
'Weeks', 'Ween', 'Weeny', 'Weep', 'Weeps', 'Weepy', 'Weigh', 'Weir', 'Weird',
'Weirs', 'Weld', 'Welds', 'Well', 'Wells', 'Welly', 'Welsh', 'Welt', 'Welts',
'Wench', 'Wend', 'Wends', 'Went', 'Wept', 'Were', 'West', 'Wet', 'Wetly',
'Wets', 'Whack', 'Whale', 'Wham', 'Whap', 'Wharf', 'What', 'Wheat', 'Whee',
'Wheel', 'Whelk', 'Whelp', 'When', 'Where', 'Whet', 'Whey', 'Which', 'Whiff',
'While', 'Whim', 'Whims', 'Whine', 'Whip', 'Whips', 'Whir', 'Whirl', 'Whirr',
'Whisk', 'Whist', 'White', 'Whizz', 'Who', 'Whoa', 'Whole', 'Whom', 'Whoop',
'Whop', 'Whore', 'Whose', 'Why', 'Whys', 'Wick', 'Wicks', 'Wide', 'Widen',
'Wider', 'Wides', 'Widow', 'Width', 'Wield', 'Wife', 'Wig', 'Wigs', 'Wild',
'Wilds', 'Wile', 'Wiles', 'Will', 'Wills', 'Wilt', 'Wilts', 'Wily', 'Wimp',
'Wimpy', 'Win', 'Wince', 'Winch', 'Wind', 'Winds', 'Windy', 'Wine', 'Wined',
'Wines', 'Wing', 'Wings', 'Wink', 'Winks', 'Wins', 'Wipe', 'Wiped', 'Wiper',
'Wipes', 'Wire', 'Wired', 'Wirer', 'Wires', 'Wiry', 'Wise', 'Wiser', 'Wish',
'Wisp', 'Wisps', 'Wispy', 'Wit', 'Witch', 'With', 'Wits', 'Witty', 'Wives',
'Woad', 'Wodan', 'Wodge', 'Woe', 'Woes', 'Wok', 'Woke', 'Woken', 'Woks', 'Wold',
'Wolds', 'Wolf', 'Woman', 'Womb', 'Wombs', 'Women', 'Won', 'Wont', 'Woo',
'Wood', 'Woods', 'Woody', 'Wooed', 'Wooer', 'Woof', 'Wool', 'Wools', 'Wooly',
'Woos', 'Word', 'Words', 'Wordy', 'Wore', 'Work', 'Works', 'World', 'Worm',
'Worms', 'Wormy', 'Worn', 'Worry', 'Worse', 'Worst', 'Worth', 'Would', 'Wound',
'Wove', 'Woven', 'Wow', 'Wowed', 'Wows', 'Wrack', 'Wrap', 'Wraps', 'Wrath',
'Wreak', 'Wreck', 'Wren', 'Wrens', 'Wrest', 'Wring', 'Wrist', 'Writ', 'Write',
'Writs', 'Wrong', 'Wrote', 'Wrung', 'Wry', 'Wryly', 'Xenon', 'Xhosa', 'Xmas',
'Xray', 'Xrays', 'Yacht', 'Yak', 'Yaks', 'Yale', 'Yam', 'Yams', 'Yank', 'Yanks',
'Yap', 'Yaps', 'Yard', 'Yards', 'Yarn', 'Yarns', 'Yaw', 'Yawed', 'Yawl',
'Yawls', 'Yawn', 'Yawns', 'Yaws', 'Ye', 'Yea', 'Yeah', 'Year', 'Yearn', 'Years',
'Yeas', 'Yeast', 'Yell', 'Yells', 'Yelp', 'Yelps', 'Yemen', 'Yen', 'Yens',
'Yep', 'Yes', 'Yet', 'Yeti', 'Yetis', 'Yew', 'Yews', 'Yield', 'Yip', 'Yodel',
'Yoga', 'Yogi', 'Yoke', 'Yoked', 'Yokel', 'Yokes', 'Yolk', 'Yolks', 'Yon',
'Yore', 'York', 'You', 'Young', 'Your', 'Yours', 'Youth', 'Yowl', 'Yoyo', 'Yrs',
'Yuck', 'Yukon', 'Yule', 'Yummy', 'Zag', 'Zaire', 'Zany', 'Zap', 'Zappy',
'Zaps', 'Zeal', 'Zeals', 'Zebra', 'Zebu', 'Zebus', 'Zees', 'Zero', 'Zest',
'Zesty', 'Zeta', 'Zeus', 'Zig', 'Zinc', 'Zion', 'Zip', 'Zippy', 'Zips', 'Zombi',
'Zonal', 'Zone', 'Zoned', 'Zones', 'Zoo', 'Zoom', 'Zooms', 'Zoos', 'Zulu',
'Zulus']

def hash_hex13(s):
    m = hashlib.sha256()
    m.update(s.encode('utf-8'))
    return m.digest().hex()[0:13]

def digits(x, b):
    digits = []
    #we built the list of digits starting with the least significant
    while True:
        m, r = divmod(x, b)
        digits.append(r)
        if m == 0:
            break
        else:
            x = m
    digits.reverse()
    return digits 

def hex13_to_8192words4(h13):
    h13_int = int(h13, 16)
    base_8192_digits = digits(h13_int, 8192)
    return ''.join(list(map(lambda x: WORDS_8192[x], base_8192_digits)))

pwd = getpass.getpass() account = input('account: ') d =
hash_hex13('{}:{}'.format('dummy', pwd))
h = hash_hex13('{}:{}'.format(account, pwd))
print(hex13_to_8192words4(d))
print(hex13_to_8192words4(h))
